<feature_model name="Draw Product Line">
<meta>
<data name="description">Mobile Media</data>
<data name="creator">Wesley K. G. Assuncao</data>
<data name="email">wesleyk@inf.ufpr.br</data>
<data name="date">09.10.2014</data>
<data name="organization">JKU Linz</data>
</meta>
<feature_tree>
:r Base (Base)
</feature_tree>
<constraints>
</constraints>
<dependencies>
<dependency from="(capturephoto)" to="(capturephoto)" weight="179" />
<dependency from="(capturephoto)" to="(mobilemedia)" weight="21" />
<dependency from="(device_screen_132x176)" to="(mobilemedia)" weight="4" />
<dependency from="(includefavourites AND includesorting)" to="(includefavourites AND includesorting)" weight="4" />
<dependency from="(includefavourites AND includesorting)" to="(mobilemedia)" weight="20" />
<dependency from="(includephoto AND includesmsfeature) OR (includecopymedia AND includephoto) OR (capturephoto AND includesmsfeature) OR (includecopymedia AND capturephoto)" to="(capturephoto)" weight="3" />
<dependency from="(includephoto AND includesmsfeature) OR (includecopymedia AND includephoto) OR (capturephoto AND includesmsfeature) OR (includecopymedia AND capturephoto)" to="(includephoto AND includesmsfeature) OR (includecopymedia AND includephoto) OR (capturephoto AND includesmsfeature) OR (includecopymedia AND capturephoto)" weight="12" />
<dependency from="(includephoto AND includesmsfeature) OR (includecopymedia AND includephoto) OR (capturephoto AND includesmsfeature) OR (includecopymedia AND capturephoto)" to="(includephoto)" weight="18" />
<dependency from="(capturephoto)" to="(capturephoto)" weight="16" />
<dependency from="(capturephoto)" to="(capturephoto)" weight="160" />
<dependency from="(capturephoto)" to="(mobilemedia)" weight="18" />
<dependency from="(capturephoto)" to="(capturephoto) OR (capturevideo)" weight="21" />
<dependency from="(includefavourites)" to="(includefavourites)" weight="160" />
<dependency from="(includefavourites)" to="(mobilemedia)" weight="67" />
<dependency from="(includemusic AND includecopymedia)" to="(includemusic)" weight="27" />
<dependency from="(includemusic AND includecopymedia)" to="(includemusic AND includecopymedia)" weight="154" />
<dependency from="(includemusic AND includecopymedia)" to="(mobilemedia)" weight="11" />
<dependency from="(includemusic)" to="(includemusic)" weight="671" />
<dependency from="(includemusic)" to="(mobilemedia)" weight="94" />
<dependency from="(includemusic)" to="(mobilemedia AND includephoto)" weight="7" />
<dependency from="(includecopymedia AND capturephoto)" to="(capturephoto)" weight="6" />
<dependency from="(includecopymedia AND capturephoto)" to="(includecopymedia AND capturephoto)" weight="8" />
<dependency from="(capturephoto) OR (includesmsfeature) OR (capturevideo)" to="(capturephoto) OR (includesmsfeature) OR (capturevideo)" weight="21" />
<dependency from="(capturephoto) OR (includesmsfeature) OR (capturevideo)" to="(mobilemedia)" weight="6" />
<dependency from="(includevideo AND includesorting)" to="(includevideo)" weight="3" />
<dependency from="(includevideo AND includesorting)" to="(includesorting)" weight="1" />
<dependency from="(includecopymedia)" to="(includecopymedia)" weight="94" />
<dependency from="(includecopymedia)" to="(mobilemedia)" weight="17" />
<dependency from="(includevideo AND includecopymedia)" to="(includevideo)" weight="27" />
<dependency from="(includevideo AND includecopymedia)" to="(includevideo AND includecopymedia)" weight="154" />
<dependency from="(includevideo AND includecopymedia)" to="(mobilemedia)" weight="11" />
<dependency from="(includephoto)" to="(includephoto)" weight="395" />
<dependency from="(includephoto)" to="(mobilemedia)" weight="89" />
<dependency from="(capturephoto) OR (capturevideo)" to="(capturevideo)" weight="1" />
<dependency from="(capturephoto) OR (capturevideo)" to="(mobilemedia)" weight="1" />
<dependency from="(capturephoto) OR (capturevideo)" to="(capturephoto) OR (capturevideo)" weight="200" />
<dependency from="(capturevideo)" to="(capturevideo)" weight="298" />
<dependency from="(capturevideo)" to="(mobilemedia)" weight="26" />
<dependency from="(capturevideo)" to="(capturephoto) OR (capturevideo)" weight="38" />
<dependency from="(includecopymedia AND includephoto AND capturephoto AND includesmsfeature)" to="(includecopymedia AND includephoto AND capturephoto AND includesmsfeature)" weight="23" />
<dependency from="(includecopymedia AND includephoto AND capturephoto AND includesmsfeature)" to="(capturephoto)" weight="11" />
<dependency from="(includevideo)" to="(includevideo)" weight="820" />
<dependency from="(includevideo)" to="(mobilemedia)" weight="90" />
<dependency from="(includevideo)" to="(mobilemedia AND includephoto)" weight="8" />
<dependency from="(includesorting) OR (includefavourites)" to="(includesorting) OR (includefavourites)" weight="4" />
<dependency from="(includesorting) OR (includefavourites)" to="(mobilemedia)" weight="20" />
<dependency from="(capturephoto) OR (includesmsfeature)" to="(capturephoto) OR (includesmsfeature)" weight="23" />
<dependency from="(capturephoto) OR (includesmsfeature)" to="(mobilemedia)" weight="3" />
<dependency from="(includemusic AND includesorting)" to="(includemusic)" weight="3" />
<dependency from="(includemusic AND includesorting)" to="(includesorting)" weight="1" />
<dependency from="(includesmsfeature)" to="(capturephoto)" weight="1" />
<dependency from="(includesmsfeature)" to="(includesmsfeature)" weight="1188" />
<dependency from="(includesmsfeature)" to="(mobilemedia)" weight="38" />
<dependency from="(includesmsfeature)" to="(includephoto)" weight="12" />
<dependency from="(capturephoto)" to="(capturephoto)" weight="13" />
<dependency from="(capturephoto)" to="(capturephoto)" weight="61" />
<dependency from="(capturephoto)" to="(includephoto)" weight="2" />
<dependency from="(mobilemedia)" to="(mobilemedia)" weight="4161" />
<dependency from="(includephoto AND includesorting)" to="(includesorting)" weight="1" />
<dependency from="(includephoto AND includesorting)" to="(includephoto)" weight="3" />
<dependency from="(device_screen_176x205)" to="(mobilemedia)" weight="4" />
<dependency from="(includephoto AND includesmsfeature)" to="(capturephoto)" weight="3" />
<dependency from="(includephoto AND includesmsfeature)" to="(includephoto AND includesmsfeature)" weight="62" />
<dependency from="(includephoto AND includesmsfeature)" to="(includesmsfeature)" weight="3" />
<dependency from="(includephoto AND includesmsfeature)" to="(includephoto)" weight="31" />
<dependency from="(includesorting)" to="(mobilemedia)" weight="58" />
<dependency from="(includesorting)" to="(includesorting)" weight="187" />
<dependency from="(device_screen_128x149)" to="(mobilemedia)" weight="4" />
<dependency from="(mobilemedia AND includephoto)" to="(mobilemedia)" weight="15" />
<dependency from="(mobilemedia AND includephoto)" to="(mobilemedia AND includephoto)" weight="305" />
</dependencies>
</feature_model>
