<feature_model name="Draw Product Line">
<meta>
<data name="description">Mobile Media</data>
<data name="creator">Wesley K. G. Assuncao</data>
<data name="email">wesleyk@inf.ufpr.br</data>
<data name="date">09.10.2014</data>
<data name="organization">JKU Linz</data>
</meta>
<feature_tree>
:r Base (Base)
</feature_tree>
<constraints>
</constraints>
<dependencies>
<dependency from="(device_screen_132x176)" to="(mobilemedia)" weight="4" />
<dependency from="(includemusic AND includefavourites) AND (includefavourites AND includephoto)" to="(includemusic)" weight="3" />
<dependency from="(includecopymedia AND includesmsfeature)" to="(includecopymedia AND includesmsfeature)" weight="17" />
<dependency from="(includecopymedia AND includesmsfeature)" to="(includesmsfeature) OR (includecopymedia)" weight="8" />
<dependency from="(includefavourites AND includesorting)" to="(includefavourites AND includesorting)" weight="4" />
<dependency from="(includefavourites AND includesorting)" to="(mobilemedia)" weight="20" />
<dependency from="(includefavourites) OR (includesorting)" to="(includefavourites) OR (includesorting)" weight="4" />
<dependency from="(includefavourites) OR (includesorting)" to="(mobilemedia)" weight="20" />
<dependency from="(includephoto AND includesorting) AND (includemusic AND includesorting)" to="(includemusic)" weight="6" />
<dependency from="(includephoto AND includesorting) AND (includemusic AND includesorting)" to="(includesorting)" weight="1" />
<dependency from="(device_screen_128x149)" to="(mobilemedia)" weight="4" />
<dependency from="(includecopymedia AND includesmsfeature)" to="(includecopymedia AND includesmsfeature)" weight="4" />
<dependency from="(includecopymedia AND includesmsfeature)" to="(includesmsfeature) OR (includecopymedia)" weight="4" />
<dependency from="(includecopymedia AND includesmsfeature)" to="(includesmsfeature)" weight="1" />
<dependency from="(includephoto AND includesmsfeature) OR (includemusic AND includesmsfeature) OR (includecopymedia AND includephoto) OR (includemusic AND includecopymedia)" to="(includephoto AND includesmsfeature) OR (includemusic AND includesmsfeature) OR (includecopymedia AND includephoto) OR (includemusic AND includecopymedia)" weight="12" />
<dependency from="(includephoto AND includesmsfeature) OR (includemusic AND includesmsfeature) OR (includecopymedia AND includephoto) OR (includemusic AND includecopymedia)" to="(includesmsfeature) OR (includecopymedia)" weight="3" />
<dependency from="(includephoto AND includesmsfeature) OR (includemusic AND includesmsfeature) OR (includecopymedia AND includephoto) OR (includemusic AND includecopymedia)" to="(includephoto)" weight="18" />
<dependency from="(includefavourites)" to="(includefavourites)" weight="160" />
<dependency from="(includefavourites)" to="(mobilemedia)" weight="67" />
<dependency from="(includesmsfeature) OR (includecopymedia)" to="(includesmsfeature) OR (includecopymedia)" weight="175" />
<dependency from="(includesmsfeature) OR (includecopymedia)" to="(mobilemedia)" weight="21" />
<dependency from="(includesmsfeature)" to="(includesmsfeature) OR (includecopymedia)" weight="14" />
<dependency from="(includesmsfeature)" to="(includesmsfeature)" weight="1277" />
<dependency from="(includesmsfeature)" to="(includephoto)" weight="12" />
<dependency from="(includesmsfeature)" to="(mobilemedia)" weight="48" />
<dependency from="(mobilemedia)" to="(mobilemedia)" weight="4178" />
<dependency from="(includephoto AND includesorting) AND (includemusic AND includesorting)" to="(includesorting)" weight="1" />
<dependency from="(includephoto AND includesorting) AND (includemusic AND includesorting)" to="(includephoto)" weight="3" />
<dependency from="(device_screen_176x205)" to="(mobilemedia)" weight="4" />
<dependency from="(includemusic)" to="(includemusic)" weight="1120" />
<dependency from="(includemusic)" to="(mobilemedia)" weight="96" />
<dependency from="(includesorting)" to="(includesorting)" weight="187" />
<dependency from="(includesorting)" to="(mobilemedia)" weight="58" />
<dependency from="(includemusic AND includesmsfeature) AND (includephoto AND includesmsfeature)" to="(includephoto)" weight="32" />
<dependency from="(includemusic AND includesmsfeature) AND (includephoto AND includesmsfeature)" to="(includemusic AND includesmsfeature) AND (includephoto AND includesmsfeature)" weight="145" />
<dependency from="(includemusic AND includesmsfeature) AND (includephoto AND includesmsfeature)" to="(includesmsfeature)" weight="3" />
<dependency from="(includephoto)" to="(includephoto)" weight="437" />
<dependency from="(includephoto)" to="(mobilemedia)" weight="88" />
<dependency from="(includecopymedia)" to="(includecopymedia)" weight="87" />
<dependency from="(includecopymedia)" to="(mobilemedia)" weight="17" />
<dependency from="(includemusic AND includecopymedia) AND (includecopymedia AND includephoto)" to="(includemusic)" weight="27" />
<dependency from="(includemusic AND includecopymedia) AND (includecopymedia AND includephoto)" to="(mobilemedia)" weight="11" />
<dependency from="(includemusic AND includecopymedia) AND (includecopymedia AND includephoto)" to="(includemusic AND includecopymedia) AND (includecopymedia AND includephoto)" weight="146" />
</dependencies>
</feature_model>
