<feature_model name="Draw Product Line">
<meta>
<data name="description">Mobile Media</data>
<data name="creator">Wesley K. G. Assuncao</data>
<data name="email">wesleyk@inf.ufpr.br</data>
<data name="date">09.10.2014</data>
<data name="organization">JKU Linz</data>
</meta>
<feature_tree>
:r Base (Base)
</feature_tree>
<constraints>
</constraints>
<dependencies>
<dependency from="(includesorting)" to="(includesorting)" weight="189" />
<dependency from="(includesorting)" to="(mobilemedia) AND (includephoto)" weight="63" />
<dependency from="(device_screen_176x205)" to="(mobilemedia) AND (includephoto)" weight="4" />
<dependency from="(includecopymedia) OR (includesmsfeature)" to="(mobilemedia) AND (includephoto)" weight="39" />
<dependency from="(includecopymedia) OR (includesmsfeature)" to="(includecopymedia) OR (includesmsfeature)" weight="190" />
<dependency from="(includecopymedia)" to="(mobilemedia) AND (includephoto)" weight="21" />
<dependency from="(includecopymedia)" to="(includecopymedia)" weight="117" />
<dependency from="(includesmsfeature)" to="(mobilemedia) AND (includephoto)" weight="113" />
<dependency from="(includesmsfeature)" to="(includecopymedia) OR (includesmsfeature)" weight="15" />
<dependency from="(includesmsfeature)" to="(includesmsfeature)" weight="1505" />
<dependency from="(includefavourites)" to="(mobilemedia) AND (includephoto)" weight="69" />
<dependency from="(includefavourites)" to="(includefavourites)" weight="173" />
<dependency from="(includecopymedia AND includesmsfeature)" to="(includecopymedia AND includesmsfeature)" weight="4" />
<dependency from="(includecopymedia AND includesmsfeature)" to="(includecopymedia) OR (includesmsfeature)" weight="5" />
<dependency from="(includecopymedia AND includesmsfeature)" to="(includesmsfeature)" weight="1" />
<dependency from="(includecopymedia AND includesmsfeature)" to="(includecopymedia AND includesmsfeature)" weight="30" />
<dependency from="(includecopymedia AND includesmsfeature)" to="(mobilemedia) AND (includephoto)" weight="1" />
<dependency from="(includecopymedia AND includesmsfeature)" to="(includecopymedia) OR (includesmsfeature)" weight="10" />
<dependency from="(device_screen_128x149)" to="(mobilemedia) AND (includephoto)" weight="4" />
<dependency from="(mobilemedia) AND (includephoto)" to="(mobilemedia) AND (includephoto)" weight="4744" />
<dependency from="(includefavourites AND includesorting)" to="(mobilemedia) AND (includephoto)" weight="20" />
<dependency from="(includefavourites AND includesorting)" to="(includefavourites AND includesorting)" weight="4" />
<dependency from="(includesorting) OR (includefavourites)" to="(mobilemedia) AND (includephoto)" weight="20" />
<dependency from="(includesorting) OR (includefavourites)" to="(includesorting) OR (includefavourites)" weight="4" />
<dependency from="(device_screen_132x176)" to="(mobilemedia) AND (includephoto)" weight="4" />
</dependencies>
</feature_model>
