<feature_model name="Draw Product Line">
<meta>
<data name="description">Mobile Media</data>
<data name="creator">Wesley K. G. Assuncao</data>
<data name="email">wesleyk@inf.ufpr.br</data>
<data name="date">09.10.2014</data>
<data name="organization">JKU Linz</data>
</meta>
<feature_tree>
:r Base (Base)
</feature_tree>
<constraints>
</constraints>
<dependencies>
<dependency from="(device_screen_132x176)" to="(mobilemedia) AND (includephoto)" weight="4" />
<dependency from="(device_screen_128x149)" to="(mobilemedia) AND (includephoto)" weight="4" />
<dependency from="(mobilemedia) AND (includephoto)" to="(mobilemedia) AND (includephoto)" weight="4494" />
<dependency from="(device_screen_176x205)" to="(mobilemedia) AND (includephoto)" weight="4" />
<dependency from="(includesorting)" to="(mobilemedia) AND (includephoto)" weight="83" />
<dependency from="(includesorting)" to="(includesorting)" weight="171" />
</dependencies>
</feature_model>
