<!-- This model was created online using SPLOT's Feature Model Editor (http://www.splot-research.org) on Mon, Dec 1, 2014 - 8:35 AM  -->
<feature_model name="VOD">
<meta>
<data name="description"/>
<data name="creator"/>
<data name="address"/>
<data name="email"/>
<data name="phone"/>
<data name="website"/>
<data name="organization"/>
<data name="department"/>
<data name="date"/>
<data name="reference"/>
</meta>
<feature_tree>
:r VOD(vod)
	:o Pause(pause)
	:m PlayImm(playimm)
	:m StartMovie(startmovie)
		:o StopMovie(stopmovie)
	:m StartPlayer(startplayer)
	:m VRCInterface(vrcinterface)
	:o QuitPlayer(quitplayer)
	:m SelectMovie(selectmovie)
		:o ChangeServer(changeserver)
		:o Detail(detail)
</feature_tree>
<constraints>
</constraints>
<dependencies>
<dependency from="(quitplayer)" to="(quitplayer)" weight="55" />
<dependency from="(quitplayer)" to="(vrcinterface) AND (playimm) AND (vod) AND (startmovie) AND (startplayer) AND (selectmovie)" weight="23" />
<dependency from="(changeserver)" to="(changeserver)" weight="261" />
<dependency from="(changeserver)" to="(vrcinterface) AND (playimm) AND (vod) AND (startmovie) AND (startplayer) AND (selectmovie)" weight="24" />
<dependency from="(pause)" to="(pause)" weight="8" />
<dependency from="(pause)" to="(vrcinterface) AND (playimm) AND (vod) AND (startmovie) AND (startplayer) AND (selectmovie)" weight="12" />
<dependency from="(vrcinterface) OR (playimm) OR (vod) OR (startmovie) OR (startplayer) OR (selectmovie)" to="(vrcinterface) AND (playimm) AND (vod) AND (startmovie) AND (startplayer) AND (selectmovie)" weight="10189" />
<dependency from="(detail)" to="(vrcinterface) AND (playimm) AND (vod) AND (startmovie) AND (startplayer) AND (selectmovie)" weight="23" />
<dependency from="(detail)" to="(detail)" weight="203" />
<dependency from="(stopmovie)" to="(vrcinterface) AND (playimm) AND (vod) AND (startmovie) AND (startplayer) AND (selectmovie)" weight="24" />
<dependency from="(stopmovie)" to="(stopmovie)" weight="41" />
</dependencies>
</feature_model>