<feature_model name="BS">
<meta>
<data name="description">Banking System</data>
<data name="creator">Wesley K. G. Assuncao</data>
<data name="email">wesleyk@inf.ufpr.br</data>
<data name="date">06.02.2017</data>
<data name="organization">UFPR - Brazil</data>
</meta>
<feature_tree>
</feature_tree>
<constraints>
</constraints>
<dependencies>
	<dependency from="(!Converter AND  Consortium) OR (Base AND  !WithdrawLimit) OR (!Converter AND  Base AND  Consortium) OR (!Converter AND  Base AND  !WithdrawLimit) OR (Base AND  !Consortium AND  !WithdrawLimit) OR (!Converter AND  Base AND  !Consortium AND  !WithdrawLimit)" to="(Base)" weight="2" />
	<dependency from="(Converter) OR (Converter AND  Consortium) OR (!Converter AND  Consortium) OR (Converter AND  Base) OR (Converter AND  WithdrawLimit) OR (Converter AND  Base AND  WithdrawLimit) OR (!Converter AND  Base AND  Consortium) OR (Converter AND  WithdrawLimit AND  Consortium) OR (Converter AND  Base AND  Consortium) OR (Converter AND  Base AND  WithdrawLimit AND  Consortium)" to="(Base)" weight="1" />
	<dependency from="(Converter) AND (Converter AND  Base)" to="(Base)" weight="19" />
	<dependency from="(Consortium) AND (Base AND  Consortium)" to="(Base)" weight="3" />
	<dependency from="(Converter AND  Consortium) OR (WithdrawLimit AND  Consortium) OR (Converter AND  WithdrawLimit AND  Consortium) OR (Converter AND  Base AND  Consortium) OR (Base AND  WithdrawLimit AND  Consortium) OR (Converter AND  Base AND  WithdrawLimit AND  Consortium)" to="(Base)" weight="1" />
	<dependency from="(WithdrawLimit) AND (Base AND  WithdrawLimit)" to="(Base)" weight="7" />
</dependencies>
</feature_model>
