<feature_model name="DPL">
<meta>
<data name="description">Draw Product Line</data>
<data name="creator">Wesley K. G. Assuncao</data>
<data name="email">wesleyk@inf.ufpr.br</data>
<data name="date">06.02.2017</data>
<data name="organization">UFPR - Brazil</data>
</meta>
<feature_tree>
</feature_tree>
<constraints>
</constraints>
<dependencies>
	<dependency from="(Color AND  Line) AND (Color AND  DPL AND  Line)" to="(DPL)" weight="6" />
	<dependency from="(Line) AND (DPL AND  Line)" to="(DPL)" weight="67" />
	<dependency from="(!Color AND  Line) OR (!Color AND  DPL) OR (!Color AND  Rect) OR (!Wipe AND  Line) OR (!Rect AND  Line) OR (DPL AND  !Rect) OR (Rect AND  Line) OR (Fill AND  Line) OR (!Wipe AND  DPL AND  !Rect) OR (!Wipe AND  !Rect AND  Line) OR (Wipe AND  Rect AND  Line) OR (!Wipe AND  Rect AND  Line) OR (!Wipe AND  DPL AND  Line) OR (Wipe AND  !Fill AND  Rect) OR (Wipe AND  Fill AND  Line) OR (!Wipe AND  !Fill AND  Line) OR (DPL AND  Rect AND  Line) OR (DPL AND  !Rect AND  Line) OR (!Color AND  !Fill AND  Rect) OR (Color AND  Fill AND  Line) OR (!Color AND  !Fill AND  Line) OR (!Color AND  DPL AND  !Rect) OR (!Color AND  DPL AND  Rect) OR (!Color AND  !Rect AND  Line) OR (Color AND  Rect AND  Line) OR (!Color AND  Rect AND  Line) OR (!Color AND  DPL AND  Line) OR (!Color AND  !Wipe AND  DPL) OR (!Color AND  !Wipe AND  Rect) OR (DPL AND  Fill AND  Line) OR (Color AND  !Wipe AND  Line) OR (!Color AND  !Wipe AND  Line) OR (DPL AND  !Rect AND  !Fill) OR (!Rect AND  !Fill AND  Line) OR (Fill AND  Rect AND  Line) OR (!Fill AND  Rect AND  Line) OR (!Color AND  DPL AND  !Fill) OR (DPL AND  !Rect AND  !Fill AND  Line) OR (DPL AND  Fill AND  Rect AND  Line) OR (DPL AND  !Fill AND  Rect AND  Line) OR (Wipe AND  Fill AND  Rect AND  Line) OR (Wipe AND  !Fill AND  Rect AND  Line) OR (!Wipe AND  !Fill AND  Rect AND  Line) OR (!Color AND  !Wipe AND  !Rect AND  Line) OR (!Color AND  !Wipe AND  DPL AND  Line) OR (!Wipe AND  !Rect AND  !Fill AND  Line) OR (Color AND  !Wipe AND  DPL AND  Line) OR (!Wipe AND  DPL AND  !Fill AND  Line) OR (DPL AND  Wipe AND  Fill AND  Line) OR (!Color AND  !Wipe AND  DPL AND  Rect) OR (!Wipe AND  DPL AND  !Rect AND  !Fill) OR (DPL AND  Wipe AND  !Fill AND  Rect) OR (!Color AND  !Wipe AND  DPL AND  !Rect) OR (!Color AND  DPL AND  !Rect AND  Line) OR (Color AND  DPL AND  Rect AND  Line) OR (!Color AND  DPL AND  Rect AND  Line) OR (Color AND  Wipe AND  Rect AND  Line) OR (Color AND  !Wipe AND  Rect AND  Line) OR (!Color AND  !Wipe AND  Rect AND  Line) OR (!Color AND  !Wipe AND  DPL AND  !Fill) OR (Color AND  Fill AND  Rect AND  Line) OR (Color AND  !Fill AND  Rect AND  Line) OR (!Color AND  !Fill AND  Rect AND  Line) OR (!Color AND  !Rect AND  !Fill AND  Line) OR (Color AND  !Wipe AND  !Fill AND  Line) OR (!Color AND  !Wipe AND  !Fill AND  Line) OR (Color AND  Wipe AND  !Fill AND  Rect) OR (!Wipe AND  DPL AND  !Rect AND  Line) OR (DPL AND  Wipe AND  Rect AND  Line) OR (!Wipe AND  DPL AND  Rect AND  Line) OR (!Color AND  !Wipe AND  !Fill AND  Rect) OR (!Color AND  DPL AND  !Fill AND  Rect) OR (!Color AND  DPL AND  !Rect AND  !Fill) OR (!Color AND  DPL AND  !Fill AND  Line) OR (Color AND  DPL AND  Fill AND  Line) OR (Color AND  Wipe AND  Fill AND  Line) OR (Color AND  DPL AND  Wipe AND  Fill AND  Line) OR (!Color AND  !Wipe AND  !Rect AND  !Fill AND  Line) OR (Color AND  !Wipe AND  !Fill AND  Rect AND  Line) OR (!Color AND  !Wipe AND  !Fill AND  Rect AND  Line) OR (Color AND  Wipe AND  Fill AND  Rect AND  Line) OR (Color AND  Wipe AND  !Fill AND  Rect AND  Line) OR (Color AND  DPL AND  Wipe AND  Rect AND  Line) OR (Color AND  !Wipe AND  DPL AND  Rect AND  Line) OR (!Color AND  !Wipe AND  DPL AND  Rect AND  Line) OR (!Color AND  !Wipe AND  DPL AND  !Rect AND  Line) OR (!Color AND  !Wipe AND  DPL AND  !Fill AND  Rect) OR (!Color AND  !Wipe AND  DPL AND  !Rect AND  !Fill) OR (Color AND  DPL AND  Wipe AND  !Fill AND  Rect) OR (!Color AND  !Wipe AND  DPL AND  !Fill AND  Line) OR (Color AND  !Wipe AND  DPL AND  !Fill AND  Line) OR (!Wipe AND  DPL AND  !Rect AND  !Fill AND  Line) OR (DPL AND  Wipe AND  Fill AND  Rect AND  Line) OR (DPL AND  Wipe AND  !Fill AND  Rect AND  Line) OR (!Wipe AND  DPL AND  !Fill AND  Rect AND  Line) OR (!Color AND  DPL AND  !Rect AND  !Fill AND  Line) OR (Color AND  DPL AND  Fill AND  Rect AND  Line) OR (Color AND  DPL AND  !Fill AND  Rect AND  Line) OR (!Color AND  DPL AND  !Fill AND  Rect AND  Line) OR d^5(Color AND  DPL AND  Wipe AND  Fill AND  Rect AND  Line)" to="(DPL)" weight="1" />
	<dependency from="(Wipe) AND (DPL AND  Wipe)" to="(DPL)" weight="10" />
	<dependency from="(!Color AND  Line) OR (!Color AND  DPL) OR (!Color AND  Rect) OR (Wipe AND  Line) OR (!Wipe AND  Rect) OR (!Rect AND  Line) OR (DPL AND  !Rect) OR (Rect AND  Line) OR (Wipe AND  Fill) OR (Color AND  Wipe) OR (Fill AND  Line) OR (!Wipe AND  DPL AND  Rect) OR (!Wipe AND  DPL AND  !Rect) OR (!Wipe AND  !Rect AND  Line) OR (Wipe AND  Rect AND  Line) OR (!Wipe AND  Rect AND  Line) OR (DPL AND  Wipe AND  Line) OR (Wipe AND  Fill AND  Rect) OR (!Wipe AND  !Fill AND  Rect) OR (DPL AND  Wipe AND  Fill) OR (Wipe AND  Fill AND  Line) OR (Wipe AND  !Fill AND  Line) OR (DPL AND  Rect AND  Line) OR (DPL AND  !Rect AND  Line) OR (Color AND  !Fill AND  Rect) OR (!Color AND  !Fill AND  Rect) OR (Color AND  Fill AND  Line) OR (!Color AND  !Fill AND  Line) OR (!Color AND  DPL AND  !Rect) OR (!Color AND  DPL AND  Rect) OR (!Color AND  !Rect AND  Line) OR (Color AND  Rect AND  Line) OR (!Color AND  Rect AND  Line) OR (!Color AND  DPL AND  Line) OR (Color AND  Wipe AND  !Fill) OR (Color AND  Wipe AND  Fill) OR (!Color AND  !Wipe AND  DPL) OR (Color AND  Wipe AND  Rect) OR (Color AND  !Wipe AND  Rect) OR (Color AND  DPL AND  Wipe) OR (!Color AND  !Wipe AND  Rect) OR (DPL AND  Fill AND  Line) OR (Color AND  Wipe AND  Line) OR (!Color AND  !Wipe AND  Line) OR (DPL AND  !Rect AND  !Fill) OR (!Rect AND  !Fill AND  Line) OR (Fill AND  Rect AND  Line) OR (!Fill AND  Rect AND  Line) OR (!Color AND  DPL AND  !Fill) OR (DPL AND  !Rect AND  !Fill AND  Line) OR (DPL AND  Fill AND  Rect AND  Line) OR (DPL AND  !Fill AND  Rect AND  Line) OR (Wipe AND  Fill AND  Rect AND  Line) OR (Wipe AND  !Fill AND  Rect AND  Line) OR (!Wipe AND  !Fill AND  Rect AND  Line) OR (!Color AND  !Wipe AND  !Rect AND  Line) OR (!Color AND  !Wipe AND  DPL AND  Line) OR (!Wipe AND  !Rect AND  !Fill AND  Line) OR (Color AND  DPL AND  Wipe AND  Line) OR (DPL AND  Wipe AND  !Fill AND  Line) OR (DPL AND  Wipe AND  Fill AND  Line) OR (!Color AND  !Wipe AND  DPL AND  Rect) OR (Color AND  !Wipe AND  DPL AND  Rect) OR (Color AND  DPL AND  Wipe AND  Rect) OR (!Wipe AND  DPL AND  !Rect AND  !Fill) OR (!Wipe AND  DPL AND  !Fill AND  Rect) OR (DPL AND  Wipe AND  Fill AND  Rect) OR (!Color AND  !Wipe AND  DPL AND  !Rect) OR (!Color AND  DPL AND  !Rect AND  Line) OR (Color AND  DPL AND  Rect AND  Line) OR (!Color AND  DPL AND  Rect AND  Line) OR (Color AND  Wipe AND  Rect AND  Line) OR (Color AND  !Wipe AND  Rect AND  Line) OR (Color AND  DPL AND  Wipe AND  !Fill) OR (!Color AND  !Wipe AND  Rect AND  Line) OR (Color AND  DPL AND  Wipe AND  Fill) OR (!Color AND  !Wipe AND  DPL AND  !Fill) OR (Color AND  Fill AND  Rect AND  Line) OR (Color AND  !Fill AND  Rect AND  Line) OR (!Color AND  !Fill AND  Rect AND  Line) OR (!Color AND  !Rect AND  !Fill AND  Line) OR (!Color AND  !Wipe AND  !Fill AND  Line) OR (Color AND  Wipe AND  Fill AND  Rect) OR (Color AND  Wipe AND  !Fill AND  Rect) OR (!Wipe AND  DPL AND  !Rect AND  Line) OR (DPL AND  Wipe AND  Rect AND  Line) OR (Color AND  !Wipe AND  !Fill AND  Rect) OR (!Wipe AND  DPL AND  Rect AND  Line) OR (!Color AND  !Wipe AND  !Fill AND  Rect) OR (Color AND  DPL AND  !Fill AND  Rect) OR (!Color AND  DPL AND  !Fill AND  Rect) OR (!Color AND  DPL AND  !Rect AND  !Fill) OR (!Color AND  DPL AND  !Fill AND  Line) OR (Color AND  DPL AND  Fill AND  Line) OR (Color AND  Wipe AND  Fill AND  Line) OR (Color AND  Wipe AND  !Fill AND  Line) OR (Color AND  DPL AND  Wipe AND  !Fill AND  Line) OR (Color AND  DPL AND  Wipe AND  Fill AND  Line) OR (!Color AND  !Wipe AND  !Rect AND  !Fill AND  Line) OR (Color AND  !Wipe AND  !Fill AND  Rect AND  Line) OR (!Color AND  !Wipe AND  !Fill AND  Rect AND  Line) OR (Color AND  Wipe AND  Fill AND  Rect AND  Line) OR (Color AND  Wipe AND  !Fill AND  Rect AND  Line) OR (Color AND  DPL AND  Wipe AND  Rect AND  Line) OR (Color AND  !Wipe AND  DPL AND  Rect AND  Line) OR (!Color AND  !Wipe AND  DPL AND  Rect AND  Line) OR (!Color AND  !Wipe AND  DPL AND  !Rect AND  Line) OR (!Color AND  !Wipe AND  DPL AND  !Fill AND  Rect) OR (Color AND  !Wipe AND  DPL AND  !Fill AND  Rect) OR (!Color AND  !Wipe AND  DPL AND  !Rect AND  !Fill) OR (Color AND  DPL AND  Wipe AND  !Fill AND  Rect) OR (Color AND  DPL AND  Wipe AND  Fill AND  Rect) OR (!Color AND  !Wipe AND  DPL AND  !Fill AND  Line) OR (!Wipe AND  DPL AND  !Rect AND  !Fill AND  Line) OR (DPL AND  Wipe AND  Fill AND  Rect AND  Line) OR (DPL AND  Wipe AND  !Fill AND  Rect AND  Line) OR (!Wipe AND  DPL AND  !Fill AND  Rect AND  Line) OR (!Color AND  DPL AND  !Rect AND  !Fill AND  Line) OR (Color AND  DPL AND  Fill AND  Rect AND  Line) OR (Color AND  DPL AND  !Fill AND  Rect AND  Line) OR (!Color AND  DPL AND  !Fill AND  Rect AND  Line) OR d^5(Color AND  DPL AND  Wipe AND  Fill AND  Rect AND  Line)" to="(DPL)" weight="1" />
	<dependency from="(Fill) OR (Rect AND  Line) OR (Color AND  Fill) OR (Color AND  Line) OR (Wipe AND  Fill) OR (Color AND  !Wipe) OR (Fill AND  Line) OR (DPL AND  Fill) OR (Fill AND  Rect) OR (Color AND  Rect AND  Line) OR (!Color AND  Rect AND  Line) OR (Wipe AND  Rect AND  Line) OR (Color AND  DPL AND  Line) OR (!Wipe AND  Rect AND  Line) OR (Color AND  !Wipe AND  !Fill) OR (Color AND  Wipe AND  Fill) OR (Color AND  !Wipe AND  DPL) OR (Color AND  !Wipe AND  Rect) OR (Wipe AND  Fill AND  Rect) OR (DPL AND  Fill AND  Line) OR (DPL AND  Wipe AND  Fill) OR (Color AND  Wipe AND  Line) OR (Color AND  !Wipe AND  Line) OR (Wipe AND  Fill AND  Line) OR (DPL AND  Fill AND  Rect) OR (DPL AND  Rect AND  Line) OR (Fill AND  Rect AND  Line) OR (!Fill AND  Rect AND  Line) OR (Color AND  Fill AND  Rect) OR (Color AND  DPL AND  Fill) OR (Color AND  Fill AND  Line) OR (Color AND  !Fill AND  Line) OR (DPL AND  Fill AND  Rect AND  Line) OR (DPL AND  !Fill AND  Rect AND  Line) OR (Wipe AND  Fill AND  Rect AND  Line) OR (Wipe AND  !Fill AND  Rect AND  Line) OR (!Wipe AND  !Fill AND  Rect AND  Line) OR (Color AND  !Wipe AND  DPL AND  Line) OR (Color AND  DPL AND  Wipe AND  Line) OR (DPL AND  Wipe AND  Fill AND  Line) OR (Color AND  !Wipe AND  DPL AND  Rect) OR (DPL AND  Wipe AND  Fill AND  Rect) OR (Color AND  !Wipe AND  !Fill AND  Line) OR (Color AND  Wipe AND  Fill AND  Rect) OR (DPL AND  Wipe AND  Rect AND  Line) OR (Color AND  !Wipe AND  !Fill AND  Rect) OR (!Wipe AND  DPL AND  Rect AND  Line) OR (Color AND  DPL AND  Rect AND  Line) OR (!Color AND  DPL AND  Rect AND  Line) OR (Color AND  Wipe AND  Rect AND  Line) OR (Color AND  !Wipe AND  Rect AND  Line) OR (!Color AND  !Wipe AND  Rect AND  Line) OR (Color AND  DPL AND  Wipe AND  Fill) OR (Color AND  !Wipe AND  DPL AND  !Fill) OR (Color AND  DPL AND  Fill AND  Rect) OR (Color AND  Fill AND  Rect AND  Line) OR (Color AND  DPL AND  !Fill AND  Line) OR (Color AND  !Fill AND  Rect AND  Line) OR (Color AND  DPL AND  Fill AND  Line) OR (!Color AND  !Fill AND  Rect AND  Line) OR (Color AND  Wipe AND  Fill AND  Line) OR (Color AND  Wipe AND  !Fill AND  Line) OR (Color AND  DPL AND  Wipe AND  !Fill AND  Line) OR (Color AND  DPL AND  Wipe AND  Fill AND  Line) OR (Color AND  !Wipe AND  !Fill AND  Rect AND  Line) OR (!Color AND  !Wipe AND  !Fill AND  Rect AND  Line) OR (Color AND  Wipe AND  Fill AND  Rect AND  Line) OR (Color AND  Wipe AND  !Fill AND  Rect AND  Line) OR (Color AND  DPL AND  Wipe AND  Rect AND  Line) OR (Color AND  !Wipe AND  DPL AND  Rect AND  Line) OR (!Color AND  !Wipe AND  DPL AND  Rect AND  Line) OR (DPL AND  Wipe AND  Fill AND  Rect AND  Line) OR (DPL AND  Wipe AND  !Fill AND  Rect AND  Line) OR (!Wipe AND  DPL AND  !Fill AND  Rect AND  Line) OR (Color AND  DPL AND  Fill AND  Rect AND  Line) OR (Color AND  DPL AND  !Fill AND  Rect AND  Line) OR (!Color AND  DPL AND  !Fill AND  Rect AND  Line) OR (Color AND  !Wipe AND  DPL AND  !Fill AND  Rect) OR (Color AND  DPL AND  Wipe AND  Fill AND  Rect) OR (Color AND  !Wipe AND  DPL AND  !Fill AND  Line) OR d^5(Color AND  DPL AND  Wipe AND  Fill AND  Rect AND  Line)" to="(DPL)" weight="1" />
	<dependency from="(Color AND  Rect) AND (Color AND  DPL AND  Rect)" to="(DPL)" weight="6" />
	<dependency from="(Rect) AND (DPL AND  Rect)" to="(DPL)" weight="100" />
	<dependency from="(Color) AND (Color AND  DPL)" to="(DPL)" weight="31" />
	<dependency from="(Fill) AND (DPL AND  Fill) AND (Color AND  Fill) AND (Fill AND  Rect) AND (Color AND  Fill AND  Rect) AND (Color AND  DPL AND  Fill) AND (DPL AND  Fill AND  Rect) AND (Color AND  DPL AND  Fill AND  Rect)" to="(DPL)" weight="38" />
</dependencies>
</feature_model>
