<feature_model name="GOL">
<meta>
<data name="description">Game Of Life</data>
<data name="creator">Wesley K. G. Assuncao</data>
<data name="email">wesleyk@inf.ufpr.br</data>
<data name="date">13.02.2017</data>
<data name="organization">UFPR - Brazil</data>
</meta>
<feature_tree>
</feature_tree>
<constraints>
</constraints>
<dependencies>
	<dependency from="(GeneratorSelection) AND (GeneratorSelection AND  !UndoRedo) AND (!UndoRedoGuiBase AND  GeneratorSelection) AND (RandomGenerator AND  GeneratorSelection) AND (GeneratorSelection AND  ModelBase) AND (GeneratorSelection AND  !UndoRedoTest) AND (!UndoRedoGenerator AND  GeneratorSelection) AND (FormGenerator AND  GeneratorSelection) AND (GuiBase AND  GeneratorSelection) AND (FormGenerator AND  RandomGenerator) AND (AbstractGenerator AND  GeneratorSelection) AND (FormGenerator AND  !UndoRedoGuiBase AND  GeneratorSelection) AND (AbstractGenerator AND  GeneratorSelection AND  !UndoRedo) AND (FormGenerator AND  RandomGenerator AND  !UndoRedoTest) AND (FormGenerator AND  GeneratorSelection AND  !UndoRedoTest) AND (!UndoRedoGenerator AND  GeneratorSelection AND  ModelBase) AND (GeneratorSelection AND  !UndoRedoTest AND  ModelBase) AND (GuiBase AND  !UndoRedoGuiBase AND  GeneratorSelection) AND (!UndoRedoGenerator AND  GeneratorSelection AND  !UndoRedoTest) AND (RandomGenerator AND  GeneratorSelection AND  !UndoRedo) AND (AbstractGenerator AND  GeneratorSelection AND  !UndoRedoTest) AND (FormGenerator AND  RandomGenerator AND  !UndoRedo) AND (FormGenerator AND  !UndoRedoGenerator AND  RandomGenerator) AND (AbstractGenerator AND  !UndoRedoGuiBase AND  GeneratorSelection) AND (GuiBase AND  AbstractGenerator AND  GeneratorSelection) AND (AbstractGenerator AND  RandomGenerator AND  GeneratorSelection) AND (FormGenerator AND  !UndoRedoGenerator AND  GeneratorSelection) AND (FormGenerator AND  AbstractGenerator AND  GeneratorSelection) AND (GuiBase AND  GeneratorSelection AND  !UndoRedoTest) AND (!UndoRedoGuiBase AND  GeneratorSelection AND  ModelBase) AND (!UndoRedoGenerator AND  GuiBase AND  GeneratorSelection) AND (RandomGenerator AND  GeneratorSelection AND  ModelBase) AND (FormGenerator AND  RandomGenerator AND  !UndoRedoGuiBase) AND (!UndoRedoGenerator AND  AbstractGenerator AND  GeneratorSelection) AND (FormGenerator AND  GuiBase AND  GeneratorSelection) AND (GeneratorSelection AND  !UndoRedoTest AND  !UndoRedo) AND (FormGenerator AND  GuiBase AND  RandomGenerator) AND (FormGenerator AND  AbstractGenerator AND  RandomGenerator) AND (!UndoRedoGenerator AND  RandomGenerator AND  GeneratorSelection) AND (AbstractGenerator AND  GeneratorSelection AND  ModelBase) AND (GuiBase AND  RandomGenerator AND  GeneratorSelection) AND (GeneratorSelection AND  ModelBase AND  !UndoRedo) AND (!UndoRedoGuiBase AND  GeneratorSelection AND  !UndoRedo) AND (FormGenerator AND  RandomGenerator AND  GeneratorSelection) AND (GuiBase AND  GeneratorSelection AND  ModelBase) AND (FormGenerator AND  GeneratorSelection AND  ModelBase) AND (FormGenerator AND  RandomGenerator AND  ModelBase) AND (RandomGenerator AND  GeneratorSelection AND  !UndoRedoTest) AND (!UndoRedoGenerator AND  GeneratorSelection AND  !UndoRedo) AND (!UndoRedoGenerator AND  !UndoRedoGuiBase AND  GeneratorSelection) AND (!UndoRedoGuiBase AND  GeneratorSelection AND  !UndoRedoTest) AND (FormGenerator AND  GeneratorSelection AND  !UndoRedo) AND (RandomGenerator AND  !UndoRedoGuiBase AND  GeneratorSelection) AND (GuiBase AND  GeneratorSelection AND  !UndoRedo) AND (FormGenerator AND  GuiBase AND  RandomGenerator AND  ModelBase) AND (FormGenerator AND  AbstractGenerator AND  GeneratorSelection AND  !UndoRedoTest) AND (!UndoRedoGenerator AND  !UndoRedoGuiBase AND  GeneratorSelection AND  !UndoRedo) AND (!UndoRedoGenerator AND  RandomGenerator AND  GeneratorSelection AND  ModelBase) AND (GeneratorSelection AND  !UndoRedoTest AND  ModelBase AND  !UndoRedo) AND (!UndoRedoGuiBase AND  GeneratorSelection AND  ModelBase AND  !UndoRedo) AND (GuiBase AND  AbstractGenerator AND  GeneratorSelection AND  !UndoRedoTest) AND (GuiBase AND  RandomGenerator AND  !UndoRedoGuiBase AND  GeneratorSelection) AND (!UndoRedoGenerator AND  AbstractGenerator AND  GeneratorSelection AND  ModelBase) AND (FormGenerator AND  RandomGenerator AND  GeneratorSelection AND  !UndoRedoTest) AND (FormGenerator AND  !UndoRedoGenerator AND  GuiBase AND  GeneratorSelection) AND (!UndoRedoGenerator AND  GuiBase AND  GeneratorSelection AND  ModelBase) AND (GuiBase AND  RandomGenerator AND  GeneratorSelection AND  !UndoRedoTest) AND (!UndoRedoGenerator AND  GeneratorSelection AND  !UndoRedoTest AND  !UndoRedo) AND (FormGenerator AND  RandomGenerator AND  !UndoRedoGuiBase AND  !UndoRedo) AND (FormGenerator AND  !UndoRedoGenerator AND  GuiBase AND  RandomGenerator) AND (FormGenerator AND  !UndoRedoGenerator AND  GeneratorSelection AND  ModelBase) AND (FormGenerator AND  !UndoRedoGuiBase AND  GeneratorSelection AND  !UndoRedo) AND (FormGenerator AND  RandomGenerator AND  !UndoRedoGuiBase AND  GeneratorSelection) AND (FormGenerator AND  AbstractGenerator AND  RandomGenerator AND  ModelBase) AND (FormGenerator AND  RandomGenerator AND  !UndoRedoTest AND  !UndoRedo) AND (GuiBase AND  AbstractGenerator AND  GeneratorSelection AND  !UndoRedo) AND (AbstractGenerator AND  !UndoRedoGuiBase AND  GeneratorSelection AND  ModelBase) AND (!UndoRedoGenerator AND  RandomGenerator AND  GeneratorSelection AND  !UndoRedoTest) AND (FormGenerator AND  AbstractGenerator AND  RandomGenerator AND  !UndoRedoGuiBase) AND (AbstractGenerator AND  RandomGenerator AND  !UndoRedoGuiBase AND  GeneratorSelection) AND (FormGenerator AND  RandomGenerator AND  GeneratorSelection AND  ModelBase) AND (GuiBase AND  RandomGenerator AND  GeneratorSelection AND  ModelBase) AND (FormGenerator AND  AbstractGenerator AND  GeneratorSelection AND  !UndoRedo) AND (GuiBase AND  AbstractGenerator AND  GeneratorSelection AND  ModelBase) AND (GuiBase AND  RandomGenerator AND  GeneratorSelection AND  !UndoRedo) AND (!UndoRedoGenerator AND  RandomGenerator AND  !UndoRedoGuiBase AND  GeneratorSelection) AND (GuiBase AND  GeneratorSelection AND  !UndoRedoTest AND  !UndoRedo) AND (FormGenerator AND  AbstractGenerator AND  GeneratorSelection AND  ModelBase) AND (FormGenerator AND  RandomGenerator AND  GeneratorSelection AND  !UndoRedo) AND (FormGenerator AND  !UndoRedoGenerator AND  RandomGenerator AND  ModelBase) AND (GuiBase AND  !UndoRedoGuiBase AND  GeneratorSelection AND  !UndoRedo) AND (AbstractGenerator AND  GeneratorSelection AND  !UndoRedoTest AND  ModelBase) AND (FormGenerator AND  GuiBase AND  RandomGenerator AND  !UndoRedoTest) AND (GuiBase AND  GeneratorSelection AND  !UndoRedoTest AND  ModelBase) AND (!UndoRedoGenerator AND  !UndoRedoGuiBase AND  GeneratorSelection AND  !UndoRedoTest) AND (AbstractGenerator AND  GeneratorSelection AND  !UndoRedoTest AND  !UndoRedo) AND (FormGenerator AND  GuiBase AND  AbstractGenerator AND  RandomGenerator) AND (!UndoRedoGenerator AND  AbstractGenerator AND  GeneratorSelection AND  !UndoRedo) AND (AbstractGenerator AND  !UndoRedoGuiBase AND  GeneratorSelection AND  !UndoRedo) AND (FormGenerator AND  !UndoRedoGenerator AND  AbstractGenerator AND  RandomGenerator) AND (FormGenerator AND  GuiBase AND  GeneratorSelection AND  ModelBase) AND (FormGenerator AND  AbstractGenerator AND  RandomGenerator AND  !UndoRedoTest) AND (!UndoRedoGenerator AND  GuiBase AND  GeneratorSelection AND  !UndoRedo) AND (FormGenerator AND  GeneratorSelection AND  !UndoRedoTest AND  !UndoRedo) AND (FormGenerator AND  !UndoRedoGenerator AND  GeneratorSelection AND  !UndoRedo) AND (AbstractGenerator AND  RandomGenerator AND  GeneratorSelection AND  !UndoRedo) AND (RandomGenerator AND  !UndoRedoGuiBase AND  GeneratorSelection AND  !UndoRedoTest) AND (RandomGenerator AND  GeneratorSelection AND  ModelBase AND  !UndoRedo) AND (FormGenerator AND  RandomGenerator AND  !UndoRedoGuiBase AND  ModelBase) AND (!UndoRedoGenerator AND  GeneratorSelection AND  !UndoRedoTest AND  ModelBase) AND (FormGenerator AND  AbstractGenerator AND  RandomGenerator AND  GeneratorSelection) AND (GuiBase AND  AbstractGenerator AND  RandomGenerator AND  GeneratorSelection) AND (FormGenerator AND  GuiBase AND  AbstractGenerator AND  GeneratorSelection) AND (AbstractGenerator AND  !UndoRedoGuiBase AND  GeneratorSelection AND  !UndoRedoTest) AND (FormGenerator AND  !UndoRedoGuiBase AND  GeneratorSelection AND  ModelBase) AND (FormGenerator AND  RandomGenerator AND  !UndoRedoTest AND  ModelBase) AND (FormGenerator AND  !UndoRedoGuiBase AND  GeneratorSelection AND  !UndoRedoTest) AND (GuiBase AND  !UndoRedoGuiBase AND  GeneratorSelection AND  ModelBase) AND (FormGenerator AND  GeneratorSelection AND  !UndoRedoTest AND  ModelBase) AND (FormGenerator AND  !UndoRedoGenerator AND  RandomGenerator AND  !UndoRedo) AND (FormGenerator AND  GuiBase AND  GeneratorSelection AND  !UndoRedo) AND (GuiBase AND  !UndoRedoGuiBase AND  GeneratorSelection AND  !UndoRedoTest) AND (AbstractGenerator AND  RandomGenerator AND  GeneratorSelection AND  ModelBase) AND (FormGenerator AND  RandomGenerator AND  ModelBase AND  !UndoRedo) AND (RandomGenerator AND  GeneratorSelection AND  !UndoRedoTest AND  !UndoRedo) AND (!UndoRedoGenerator AND  RandomGenerator AND  GeneratorSelection AND  !UndoRedo) AND (!UndoRedoGenerator AND  GuiBase AND  !UndoRedoGuiBase AND  GeneratorSelection) AND (FormGenerator AND  !UndoRedoGenerator AND  RandomGenerator AND  !UndoRedoTest) AND (FormGenerator AND  !UndoRedoGenerator AND  !UndoRedoGuiBase AND  GeneratorSelection) AND (!UndoRedoGenerator AND  GeneratorSelection AND  ModelBase AND  !UndoRedo) AND (FormGenerator AND  GuiBase AND  RandomGenerator AND  !UndoRedoGuiBase) AND (RandomGenerator AND  !UndoRedoGuiBase AND  GeneratorSelection AND  ModelBase) AND (RandomGenerator AND  GeneratorSelection AND  !UndoRedoTest AND  ModelBase) AND (FormGenerator AND  !UndoRedoGenerator AND  AbstractGenerator AND  GeneratorSelection) AND (!UndoRedoGuiBase AND  GeneratorSelection AND  !UndoRedoTest AND  !UndoRedo) AND (!UndoRedoGenerator AND  GuiBase AND  AbstractGenerator AND  GeneratorSelection) AND (FormGenerator AND  GuiBase AND  !UndoRedoGuiBase AND  GeneratorSelection) AND (!UndoRedoGenerator AND  AbstractGenerator AND  !UndoRedoGuiBase AND  GeneratorSelection) AND (FormGenerator AND  !UndoRedoGenerator AND  RandomGenerator AND  GeneratorSelection) AND (!UndoRedoGenerator AND  GuiBase AND  RandomGenerator AND  GeneratorSelection) AND (FormGenerator AND  GuiBase AND  GeneratorSelection AND  !UndoRedoTest) AND (RandomGenerator AND  !UndoRedoGuiBase AND  GeneratorSelection AND  !UndoRedo) AND (!UndoRedoGenerator AND  AbstractGenerator AND  RandomGenerator AND  GeneratorSelection) AND (FormGenerator AND  GuiBase AND  RandomGenerator AND  GeneratorSelection) AND (FormGenerator AND  GeneratorSelection AND  ModelBase AND  !UndoRedo) AND (!UndoRedoGenerator AND  AbstractGenerator AND  GeneratorSelection AND  !UndoRedoTest) AND (FormGenerator AND  !UndoRedoGenerator AND  GeneratorSelection AND  !UndoRedoTest) AND (AbstractGenerator AND  RandomGenerator AND  GeneratorSelection AND  !UndoRedoTest) AND (GuiBase AND  GeneratorSelection AND  ModelBase AND  !UndoRedo) AND (!UndoRedoGenerator AND  GuiBase AND  GeneratorSelection AND  !UndoRedoTest) AND (FormGenerator AND  RandomGenerator AND  !UndoRedoGuiBase AND  !UndoRedoTest) AND (FormGenerator AND  AbstractGenerator AND  RandomGenerator AND  !UndoRedo) AND (FormGenerator AND  !UndoRedoGenerator AND  RandomGenerator AND  !UndoRedoGuiBase) AND (FormGenerator AND  GuiBase AND  RandomGenerator AND  !UndoRedo) AND (AbstractGenerator AND  GeneratorSelection AND  ModelBase AND  !UndoRedo) AND (FormGenerator AND  AbstractGenerator AND  !UndoRedoGuiBase AND  GeneratorSelection) AND (!UndoRedoGuiBase AND  GeneratorSelection AND  !UndoRedoTest AND  ModelBase) AND (GuiBase AND  AbstractGenerator AND  !UndoRedoGuiBase AND  GeneratorSelection) AND (!UndoRedoGenerator AND  !UndoRedoGuiBase AND  GeneratorSelection AND  ModelBase) AND (GuiBase AND  !UndoRedoGuiBase AND  GeneratorSelection AND  !UndoRedoTest AND  ModelBase) AND (FormGenerator AND  !UndoRedoGenerator AND  GeneratorSelection AND  ModelBase AND  !UndoRedo) AND (!UndoRedoGenerator AND  GuiBase AND  !UndoRedoGuiBase AND  GeneratorSelection AND  !UndoRedoTest) AND (!UndoRedoGenerator AND  AbstractGenerator AND  GeneratorSelection AND  !UndoRedoTest AND  !UndoRedo) AND (FormGenerator AND  !UndoRedoGenerator AND  GuiBase AND  RandomGenerator AND  GeneratorSelection) AND (FormGenerator AND  RandomGenerator AND  !UndoRedoGuiBase AND  GeneratorSelection AND  !UndoRedo) AND (FormGenerator AND  !UndoRedoGuiBase AND  GeneratorSelection AND  !UndoRedoTest AND  ModelBase) AND (FormGenerator AND  GuiBase AND  RandomGenerator AND  GeneratorSelection AND  ModelBase) AND (FormGenerator AND  !UndoRedoGenerator AND  !UndoRedoGuiBase AND  GeneratorSelection AND  !UndoRedoTest) AND (FormGenerator AND  AbstractGenerator AND  RandomGenerator AND  !UndoRedoTest AND  !UndoRedo) AND (!UndoRedoGenerator AND  AbstractGenerator AND  RandomGenerator AND  GeneratorSelection AND  ModelBase) AND (AbstractGenerator AND  !UndoRedoGuiBase AND  GeneratorSelection AND  ModelBase AND  !UndoRedo) AND (FormGenerator AND  !UndoRedoGenerator AND  RandomGenerator AND  !UndoRedoGuiBase AND  !UndoRedoTest) AND (GuiBase AND  AbstractGenerator AND  RandomGenerator AND  GeneratorSelection AND  !UndoRedoTest) AND (!UndoRedoGenerator AND  RandomGenerator AND  GeneratorSelection AND  !UndoRedoTest AND  !UndoRedo) AND (FormGenerator AND  !UndoRedoGenerator AND  GuiBase AND  AbstractGenerator AND  GeneratorSelection) AND (FormGenerator AND  AbstractGenerator AND  RandomGenerator AND  !UndoRedoGuiBase AND  !UndoRedo) AND (FormGenerator AND  AbstractGenerator AND  !UndoRedoGuiBase AND  GeneratorSelection AND  !UndoRedo) AND (FormGenerator AND  !UndoRedoGenerator AND  GuiBase AND  AbstractGenerator AND  RandomGenerator) AND (FormGenerator AND  AbstractGenerator AND  RandomGenerator AND  GeneratorSelection AND  !UndoRedoTest) AND (FormGenerator AND  AbstractGenerator AND  GeneratorSelection AND  !UndoRedoTest AND  !UndoRedo) AND (GuiBase AND  AbstractGenerator AND  !UndoRedoGuiBase AND  GeneratorSelection AND  !UndoRedo) AND (!UndoRedoGenerator AND  RandomGenerator AND  GeneratorSelection AND  ModelBase AND  !UndoRedo) AND (FormGenerator AND  GuiBase AND  RandomGenerator AND  !UndoRedoGuiBase AND  !UndoRedo) AND (!UndoRedoGenerator AND  RandomGenerator AND  !UndoRedoGuiBase AND  GeneratorSelection AND  !UndoRedo) AND (RandomGenerator AND  GeneratorSelection AND  !UndoRedoTest AND  ModelBase AND  !UndoRedo) AND (AbstractGenerator AND  !UndoRedoGuiBase AND  GeneratorSelection AND  !UndoRedoTest AND  ModelBase) AND (GuiBase AND  AbstractGenerator AND  GeneratorSelection AND  !UndoRedoTest AND  !UndoRedo) AND (GuiBase AND  RandomGenerator AND  !UndoRedoGuiBase AND  GeneratorSelection AND  !UndoRedo) AND (FormGenerator AND  !UndoRedoGenerator AND  RandomGenerator AND  ModelBase AND  !UndoRedo) AND (!UndoRedoGenerator AND  GuiBase AND  RandomGenerator AND  GeneratorSelection AND  ModelBase) AND (FormGenerator AND  !UndoRedoGenerator AND  GuiBase AND  GeneratorSelection AND  !UndoRedo) AND (FormGenerator AND  GuiBase AND  RandomGenerator AND  !UndoRedoGuiBase AND  !UndoRedoTest) AND (FormGenerator AND  GuiBase AND  AbstractGenerator AND  GeneratorSelection AND  ModelBase) AND (FormGenerator AND  GuiBase AND  GeneratorSelection AND  !UndoRedoTest AND  !UndoRedo) AND (FormGenerator AND  !UndoRedoGenerator AND  AbstractGenerator AND  RandomGenerator AND  ModelBase) AND (GuiBase AND  !UndoRedoGuiBase AND  GeneratorSelection AND  ModelBase AND  !UndoRedo) AND (!UndoRedoGenerator AND  AbstractGenerator AND  RandomGenerator AND  GeneratorSelection AND  !UndoRedoTest) AND (!UndoRedoGenerator AND  GuiBase AND  !UndoRedoGuiBase AND  GeneratorSelection AND  ModelBase) AND (FormGenerator AND  GeneratorSelection AND  !UndoRedoTest AND  ModelBase AND  !UndoRedo) AND (FormGenerator AND  !UndoRedoGenerator AND  !UndoRedoGuiBase AND  GeneratorSelection AND  ModelBase) AND (FormGenerator AND  !UndoRedoGenerator AND  AbstractGenerator AND  RandomGenerator AND  !UndoRedo) AND (FormGenerator AND  GuiBase AND  RandomGenerator AND  GeneratorSelection AND  !UndoRedoTest) AND (FormGenerator AND  GuiBase AND  AbstractGenerator AND  !UndoRedoGuiBase AND  GeneratorSelection) AND (FormGenerator AND  GuiBase AND  GeneratorSelection AND  ModelBase AND  !UndoRedo) AND (AbstractGenerator AND  RandomGenerator AND  !UndoRedoGuiBase AND  GeneratorSelection AND  ModelBase) AND (GuiBase AND  RandomGenerator AND  GeneratorSelection AND  ModelBase AND  !UndoRedo) AND (!UndoRedoGenerator AND  AbstractGenerator AND  !UndoRedoGuiBase AND  GeneratorSelection AND  !UndoRedoTest) AND (FormGenerator AND  RandomGenerator AND  GeneratorSelection AND  ModelBase AND  !UndoRedo) AND (FormGenerator AND  !UndoRedoGenerator AND  RandomGenerator AND  !UndoRedoTest AND  !UndoRedo) AND (!UndoRedoGenerator AND  GuiBase AND  AbstractGenerator AND  RandomGenerator AND  GeneratorSelection) AND (FormGenerator AND  GuiBase AND  RandomGenerator AND  !UndoRedoGuiBase AND  GeneratorSelection) AND (FormGenerator AND  !UndoRedoGenerator AND  AbstractGenerator AND  RandomGenerator AND  GeneratorSelection) AND (!UndoRedoGenerator AND  GuiBase AND  AbstractGenerator AND  !UndoRedoGuiBase AND  GeneratorSelection) AND (RandomGenerator AND  !UndoRedoGuiBase AND  GeneratorSelection AND  !UndoRedoTest AND  ModelBase) AND (FormGenerator AND  !UndoRedoGenerator AND  GuiBase AND  !UndoRedoGuiBase AND  GeneratorSelection) AND (FormGenerator AND  AbstractGenerator AND  RandomGenerator AND  !UndoRedoGuiBase AND  GeneratorSelection) AND (FormGenerator AND  RandomGenerator AND  !UndoRedoGuiBase AND  ModelBase AND  !UndoRedo) AND (GuiBase AND  AbstractGenerator AND  RandomGenerator AND  !UndoRedoGuiBase AND  GeneratorSelection) AND (!UndoRedoGenerator AND  GuiBase AND  RandomGenerator AND  GeneratorSelection AND  !UndoRedoTest) AND (!UndoRedoGenerator AND  RandomGenerator AND  !UndoRedoGuiBase AND  GeneratorSelection AND  ModelBase) AND (GuiBase AND  AbstractGenerator AND  !UndoRedoGuiBase AND  GeneratorSelection AND  !UndoRedoTest) AND (!UndoRedoGenerator AND  AbstractGenerator AND  GeneratorSelection AND  ModelBase AND  !UndoRedo) AND (!UndoRedoGenerator AND  !UndoRedoGuiBase AND  GeneratorSelection AND  !UndoRedoTest AND  ModelBase) AND (FormGenerator AND  !UndoRedoGenerator AND  AbstractGenerator AND  !UndoRedoGuiBase AND  GeneratorSelection) AND (FormGenerator AND  GuiBase AND  AbstractGenerator AND  GeneratorSelection AND  !UndoRedo) AND (AbstractGenerator AND  GeneratorSelection AND  !UndoRedoTest AND  ModelBase AND  !UndoRedo) AND (FormGenerator AND  AbstractGenerator AND  !UndoRedoGuiBase AND  GeneratorSelection AND  !UndoRedoTest) AND (FormGenerator AND  GuiBase AND  AbstractGenerator AND  RandomGenerator AND  ModelBase) AND (!UndoRedoGenerator AND  GuiBase AND  GeneratorSelection AND  ModelBase AND  !UndoRedo) AND (FormGenerator AND  GuiBase AND  RandomGenerator AND  !UndoRedoTest AND  !UndoRedo) AND (FormGenerator AND  GuiBase AND  !UndoRedoGuiBase AND  GeneratorSelection AND  !UndoRedoTest) AND (FormGenerator AND  !UndoRedoGenerator AND  GuiBase AND  RandomGenerator AND  !UndoRedo) AND (GuiBase AND  GeneratorSelection AND  !UndoRedoTest AND  ModelBase AND  !UndoRedo) AND (!UndoRedoGenerator AND  AbstractGenerator AND  RandomGenerator AND  GeneratorSelection AND  !UndoRedo) AND (FormGenerator AND  !UndoRedoGenerator AND  AbstractGenerator AND  RandomGenerator AND  !UndoRedoGuiBase) AND (FormGenerator AND  !UndoRedoGuiBase AND  GeneratorSelection AND  !UndoRedoTest AND  !UndoRedo) AND (FormGenerator AND  GuiBase AND  RandomGenerator AND  GeneratorSelection AND  !UndoRedo) AND (FormGenerator AND  !UndoRedoGenerator AND  RandomGenerator AND  !UndoRedoGuiBase AND  GeneratorSelection) AND (FormGenerator AND  GuiBase AND  AbstractGenerator AND  RandomGenerator AND  !UndoRedo) AND (FormGenerator AND  RandomGenerator AND  !UndoRedoGuiBase AND  GeneratorSelection AND  ModelBase) AND (FormGenerator AND  RandomGenerator AND  GeneratorSelection AND  !UndoRedoTest AND  ModelBase) AND (AbstractGenerator AND  RandomGenerator AND  !UndoRedoGuiBase AND  GeneratorSelection AND  !UndoRedoTest) AND (GuiBase AND  !UndoRedoGuiBase AND  GeneratorSelection AND  !UndoRedoTest AND  !UndoRedo) AND (FormGenerator AND  AbstractGenerator AND  RandomGenerator AND  !UndoRedoGuiBase AND  ModelBase) AND (AbstractGenerator AND  RandomGenerator AND  GeneratorSelection AND  ModelBase AND  !UndoRedo) AND (GuiBase AND  RandomGenerator AND  GeneratorSelection AND  !UndoRedoTest AND  ModelBase) AND (FormGenerator AND  RandomGenerator AND  !UndoRedoGuiBase AND  !UndoRedoTest AND  !UndoRedo) AND (FormGenerator AND  AbstractGenerator AND  GeneratorSelection AND  !UndoRedoTest AND  ModelBase) AND (FormGenerator AND  !UndoRedoGenerator AND  GuiBase AND  GeneratorSelection AND  !UndoRedoTest) AND (FormGenerator AND  AbstractGenerator AND  !UndoRedoGuiBase AND  GeneratorSelection AND  ModelBase) AND (FormGenerator AND  !UndoRedoGenerator AND  RandomGenerator AND  GeneratorSelection AND  !UndoRedoTest) AND (FormGenerator AND  AbstractGenerator AND  RandomGenerator AND  !UndoRedoTest AND  ModelBase) AND (GuiBase AND  RandomGenerator AND  !UndoRedoGuiBase AND  GeneratorSelection AND  ModelBase) AND (!UndoRedoGenerator AND  !UndoRedoGuiBase AND  GeneratorSelection AND  ModelBase AND  !UndoRedo) AND (GuiBase AND  AbstractGenerator AND  GeneratorSelection AND  !UndoRedoTest AND  ModelBase) AND (!UndoRedoGenerator AND  RandomGenerator AND  GeneratorSelection AND  !UndoRedoTest AND  ModelBase) AND (GuiBase AND  AbstractGenerator AND  GeneratorSelection AND  ModelBase AND  !UndoRedo) AND (FormGenerator AND  GuiBase AND  RandomGenerator AND  !UndoRedoTest AND  ModelBase) AND (FormGenerator AND  GuiBase AND  !UndoRedoGuiBase AND  GeneratorSelection AND  ModelBase) AND (RandomGenerator AND  !UndoRedoGuiBase AND  GeneratorSelection AND  !UndoRedoTest AND  !UndoRedo) AND (FormGenerator AND  !UndoRedoGenerator AND  AbstractGenerator AND  GeneratorSelection AND  !UndoRedo) AND (!UndoRedoGenerator AND  GuiBase AND  AbstractGenerator AND  GeneratorSelection AND  !UndoRedo) AND (FormGenerator AND  !UndoRedoGenerator AND  AbstractGenerator AND  GeneratorSelection AND  !UndoRedoTest) AND (FormGenerator AND  AbstractGenerator AND  GeneratorSelection AND  ModelBase AND  !UndoRedo) AND (!UndoRedoGenerator AND  GeneratorSelection AND  !UndoRedoTest AND  ModelBase AND  !UndoRedo) AND (FormGenerator AND  !UndoRedoGenerator AND  GuiBase AND  RandomGenerator AND  ModelBase) AND (FormGenerator AND  AbstractGenerator AND  RandomGenerator AND  GeneratorSelection AND  !UndoRedo) AND (GuiBase AND  AbstractGenerator AND  RandomGenerator AND  GeneratorSelection AND  !UndoRedo) AND (FormGenerator AND  GuiBase AND  AbstractGenerator AND  RandomGenerator AND  GeneratorSelection) AND (!UndoRedoGenerator AND  AbstractGenerator AND  RandomGenerator AND  !UndoRedoGuiBase AND  GeneratorSelection) AND (!UndoRedoGenerator AND  GuiBase AND  RandomGenerator AND  !UndoRedoGuiBase AND  GeneratorSelection) AND (FormGenerator AND  !UndoRedoGenerator AND  GuiBase AND  RandomGenerator AND  !UndoRedoGuiBase) AND (FormGenerator AND  !UndoRedoGuiBase AND  GeneratorSelection AND  ModelBase AND  !UndoRedo) AND (!UndoRedoGenerator AND  GuiBase AND  AbstractGenerator AND  GeneratorSelection AND  !UndoRedoTest) AND (!UndoRedoGenerator AND  AbstractGenerator AND  !UndoRedoGuiBase AND  GeneratorSelection AND  ModelBase) AND (!UndoRedoGenerator AND  !UndoRedoGuiBase AND  GeneratorSelection AND  !UndoRedoTest AND  !UndoRedo) AND (GuiBase AND  RandomGenerator AND  !UndoRedoGuiBase AND  GeneratorSelection AND  !UndoRedoTest) AND (FormGenerator AND  RandomGenerator AND  !UndoRedoTest AND  ModelBase AND  !UndoRedo) AND (FormGenerator AND  !UndoRedoGenerator AND  RandomGenerator AND  GeneratorSelection AND  ModelBase) AND (FormGenerator AND  RandomGenerator AND  !UndoRedoGuiBase AND  GeneratorSelection AND  !UndoRedoTest) AND (FormGenerator AND  GuiBase AND  AbstractGenerator AND  RandomGenerator AND  !UndoRedoTest) AND (!UndoRedoGenerator AND  GuiBase AND  GeneratorSelection AND  !UndoRedoTest AND  ModelBase) AND (FormGenerator AND  AbstractGenerator AND  RandomGenerator AND  ModelBase AND  !UndoRedo) AND (FormGenerator AND  !UndoRedoGenerator AND  GeneratorSelection AND  !UndoRedoTest AND  !UndoRedo) AND (AbstractGenerator AND  RandomGenerator AND  GeneratorSelection AND  !UndoRedoTest AND  !UndoRedo) AND (FormGenerator AND  AbstractGenerator AND  RandomGenerator AND  !UndoRedoGuiBase AND  !UndoRedoTest) AND (!UndoRedoGenerator AND  GuiBase AND  GeneratorSelection AND  !UndoRedoTest AND  !UndoRedo) AND (FormGenerator AND  !UndoRedoGenerator AND  AbstractGenerator AND  GeneratorSelection AND  ModelBase) AND (!UndoRedoGuiBase AND  GeneratorSelection AND  !UndoRedoTest AND  ModelBase AND  !UndoRedo) AND (FormGenerator AND  !UndoRedoGenerator AND  RandomGenerator AND  !UndoRedoGuiBase AND  !UndoRedo) AND (FormGenerator AND  !UndoRedoGenerator AND  RandomGenerator AND  !UndoRedoTest AND  ModelBase) AND (!UndoRedoGenerator AND  GuiBase AND  !UndoRedoGuiBase AND  GeneratorSelection AND  !UndoRedo) AND (AbstractGenerator AND  RandomGenerator AND  !UndoRedoGuiBase AND  GeneratorSelection AND  !UndoRedo) AND (AbstractGenerator AND  RandomGenerator AND  GeneratorSelection AND  !UndoRedoTest AND  ModelBase) AND (FormGenerator AND  GuiBase AND  AbstractGenerator AND  GeneratorSelection AND  !UndoRedoTest) AND (!UndoRedoGenerator AND  GuiBase AND  AbstractGenerator AND  GeneratorSelection AND  ModelBase) AND (FormGenerator AND  !UndoRedoGenerator AND  GeneratorSelection AND  !UndoRedoTest AND  ModelBase) AND (FormGenerator AND  GuiBase AND  RandomGenerator AND  !UndoRedoGuiBase AND  ModelBase) AND (FormGenerator AND  !UndoRedoGenerator AND  !UndoRedoGuiBase AND  GeneratorSelection AND  !UndoRedo) AND (FormGenerator AND  GuiBase AND  RandomGenerator AND  ModelBase AND  !UndoRedo) AND (!UndoRedoGenerator AND  RandomGenerator AND  !UndoRedoGuiBase AND  GeneratorSelection AND  !UndoRedoTest) AND (GuiBase AND  AbstractGenerator AND  RandomGenerator AND  GeneratorSelection AND  ModelBase) AND (RandomGenerator AND  !UndoRedoGuiBase AND  GeneratorSelection AND  ModelBase AND  !UndoRedo) AND (FormGenerator AND  !UndoRedoGenerator AND  RandomGenerator AND  !UndoRedoGuiBase AND  ModelBase) AND (FormGenerator AND  GuiBase AND  GeneratorSelection AND  !UndoRedoTest AND  ModelBase) AND (GuiBase AND  AbstractGenerator AND  !UndoRedoGuiBase AND  GeneratorSelection AND  ModelBase) AND (FormGenerator AND  !UndoRedoGenerator AND  GuiBase AND  RandomGenerator AND  !UndoRedoTest) AND (FormGenerator AND  RandomGenerator AND  GeneratorSelection AND  !UndoRedoTest AND  !UndoRedo) AND (!UndoRedoGenerator AND  AbstractGenerator AND  !UndoRedoGuiBase AND  GeneratorSelection AND  !UndoRedo) AND (FormGenerator AND  GuiBase AND  !UndoRedoGuiBase AND  GeneratorSelection AND  !UndoRedo) AND (!UndoRedoGenerator AND  AbstractGenerator AND  GeneratorSelection AND  !UndoRedoTest AND  ModelBase) AND (AbstractGenerator AND  !UndoRedoGuiBase AND  GeneratorSelection AND  !UndoRedoTest AND  !UndoRedo) AND (FormGenerator AND  GuiBase AND  AbstractGenerator AND  RandomGenerator AND  !UndoRedoGuiBase) AND (FormGenerator AND  !UndoRedoGenerator AND  RandomGenerator AND  GeneratorSelection AND  !UndoRedo) AND (FormGenerator AND  !UndoRedoGenerator AND  GuiBase AND  GeneratorSelection AND  ModelBase) AND (!UndoRedoGenerator AND  GuiBase AND  RandomGenerator AND  GeneratorSelection AND  !UndoRedo) AND (GuiBase AND  RandomGenerator AND  GeneratorSelection AND  !UndoRedoTest AND  !UndoRedo) AND (FormGenerator AND  !UndoRedoGenerator AND  AbstractGenerator AND  RandomGenerator AND  !UndoRedoTest) AND (FormGenerator AND  RandomGenerator AND  !UndoRedoGuiBase AND  !UndoRedoTest AND  ModelBase) AND (FormGenerator AND  AbstractGenerator AND  RandomGenerator AND  GeneratorSelection AND  ModelBase) AND d^5(FormGenerator AND  GuiBase AND  AbstractGenerator AND  RandomGenerator AND  GeneratorSelection AND  ModelBase)" to="(AbstractGenerator) AND (GuiBase AND  AbstractGenerator) AND (AbstractGenerator AND  ModelBase) AND (GuiBase AND  AbstractGenerator AND  ModelBase)" weight="2" />
	<dependency from="(GeneratorSelection) AND (GeneratorSelection AND  !UndoRedo) AND (!UndoRedoGuiBase AND  GeneratorSelection) AND (RandomGenerator AND  GeneratorSelection) AND (GeneratorSelection AND  ModelBase) AND (GeneratorSelection AND  !UndoRedoTest) AND (!UndoRedoGenerator AND  GeneratorSelection) AND (FormGenerator AND  GeneratorSelection) AND (GuiBase AND  GeneratorSelection) AND (FormGenerator AND  RandomGenerator) AND (AbstractGenerator AND  GeneratorSelection) AND (FormGenerator AND  !UndoRedoGuiBase AND  GeneratorSelection) AND (AbstractGenerator AND  GeneratorSelection AND  !UndoRedo) AND (FormGenerator AND  RandomGenerator AND  !UndoRedoTest) AND (FormGenerator AND  GeneratorSelection AND  !UndoRedoTest) AND (!UndoRedoGenerator AND  GeneratorSelection AND  ModelBase) AND (GeneratorSelection AND  !UndoRedoTest AND  ModelBase) AND (GuiBase AND  !UndoRedoGuiBase AND  GeneratorSelection) AND (!UndoRedoGenerator AND  GeneratorSelection AND  !UndoRedoTest) AND (RandomGenerator AND  GeneratorSelection AND  !UndoRedo) AND (AbstractGenerator AND  GeneratorSelection AND  !UndoRedoTest) AND (FormGenerator AND  RandomGenerator AND  !UndoRedo) AND (FormGenerator AND  !UndoRedoGenerator AND  RandomGenerator) AND (AbstractGenerator AND  !UndoRedoGuiBase AND  GeneratorSelection) AND (GuiBase AND  AbstractGenerator AND  GeneratorSelection) AND (AbstractGenerator AND  RandomGenerator AND  GeneratorSelection) AND (FormGenerator AND  !UndoRedoGenerator AND  GeneratorSelection) AND (FormGenerator AND  AbstractGenerator AND  GeneratorSelection) AND (GuiBase AND  GeneratorSelection AND  !UndoRedoTest) AND (!UndoRedoGuiBase AND  GeneratorSelection AND  ModelBase) AND (!UndoRedoGenerator AND  GuiBase AND  GeneratorSelection) AND (RandomGenerator AND  GeneratorSelection AND  ModelBase) AND (FormGenerator AND  RandomGenerator AND  !UndoRedoGuiBase) AND (!UndoRedoGenerator AND  AbstractGenerator AND  GeneratorSelection) AND (FormGenerator AND  GuiBase AND  GeneratorSelection) AND (GeneratorSelection AND  !UndoRedoTest AND  !UndoRedo) AND (FormGenerator AND  GuiBase AND  RandomGenerator) AND (FormGenerator AND  AbstractGenerator AND  RandomGenerator) AND (!UndoRedoGenerator AND  RandomGenerator AND  GeneratorSelection) AND (AbstractGenerator AND  GeneratorSelection AND  ModelBase) AND (GuiBase AND  RandomGenerator AND  GeneratorSelection) AND (GeneratorSelection AND  ModelBase AND  !UndoRedo) AND (!UndoRedoGuiBase AND  GeneratorSelection AND  !UndoRedo) AND (FormGenerator AND  RandomGenerator AND  GeneratorSelection) AND (GuiBase AND  GeneratorSelection AND  ModelBase) AND (FormGenerator AND  GeneratorSelection AND  ModelBase) AND (FormGenerator AND  RandomGenerator AND  ModelBase) AND (RandomGenerator AND  GeneratorSelection AND  !UndoRedoTest) AND (!UndoRedoGenerator AND  GeneratorSelection AND  !UndoRedo) AND (!UndoRedoGenerator AND  !UndoRedoGuiBase AND  GeneratorSelection) AND (!UndoRedoGuiBase AND  GeneratorSelection AND  !UndoRedoTest) AND (FormGenerator AND  GeneratorSelection AND  !UndoRedo) AND (RandomGenerator AND  !UndoRedoGuiBase AND  GeneratorSelection) AND (GuiBase AND  GeneratorSelection AND  !UndoRedo) AND (FormGenerator AND  GuiBase AND  RandomGenerator AND  ModelBase) AND (FormGenerator AND  AbstractGenerator AND  GeneratorSelection AND  !UndoRedoTest) AND (!UndoRedoGenerator AND  !UndoRedoGuiBase AND  GeneratorSelection AND  !UndoRedo) AND (!UndoRedoGenerator AND  RandomGenerator AND  GeneratorSelection AND  ModelBase) AND (GeneratorSelection AND  !UndoRedoTest AND  ModelBase AND  !UndoRedo) AND (!UndoRedoGuiBase AND  GeneratorSelection AND  ModelBase AND  !UndoRedo) AND (GuiBase AND  AbstractGenerator AND  GeneratorSelection AND  !UndoRedoTest) AND (GuiBase AND  RandomGenerator AND  !UndoRedoGuiBase AND  GeneratorSelection) AND (!UndoRedoGenerator AND  AbstractGenerator AND  GeneratorSelection AND  ModelBase) AND (FormGenerator AND  RandomGenerator AND  GeneratorSelection AND  !UndoRedoTest) AND (FormGenerator AND  !UndoRedoGenerator AND  GuiBase AND  GeneratorSelection) AND (!UndoRedoGenerator AND  GuiBase AND  GeneratorSelection AND  ModelBase) AND (GuiBase AND  RandomGenerator AND  GeneratorSelection AND  !UndoRedoTest) AND (!UndoRedoGenerator AND  GeneratorSelection AND  !UndoRedoTest AND  !UndoRedo) AND (FormGenerator AND  RandomGenerator AND  !UndoRedoGuiBase AND  !UndoRedo) AND (FormGenerator AND  !UndoRedoGenerator AND  GuiBase AND  RandomGenerator) AND (FormGenerator AND  !UndoRedoGenerator AND  GeneratorSelection AND  ModelBase) AND (FormGenerator AND  !UndoRedoGuiBase AND  GeneratorSelection AND  !UndoRedo) AND (FormGenerator AND  RandomGenerator AND  !UndoRedoGuiBase AND  GeneratorSelection) AND (FormGenerator AND  AbstractGenerator AND  RandomGenerator AND  ModelBase) AND (FormGenerator AND  RandomGenerator AND  !UndoRedoTest AND  !UndoRedo) AND (GuiBase AND  AbstractGenerator AND  GeneratorSelection AND  !UndoRedo) AND (AbstractGenerator AND  !UndoRedoGuiBase AND  GeneratorSelection AND  ModelBase) AND (!UndoRedoGenerator AND  RandomGenerator AND  GeneratorSelection AND  !UndoRedoTest) AND (FormGenerator AND  AbstractGenerator AND  RandomGenerator AND  !UndoRedoGuiBase) AND (AbstractGenerator AND  RandomGenerator AND  !UndoRedoGuiBase AND  GeneratorSelection) AND (FormGenerator AND  RandomGenerator AND  GeneratorSelection AND  ModelBase) AND (GuiBase AND  RandomGenerator AND  GeneratorSelection AND  ModelBase) AND (FormGenerator AND  AbstractGenerator AND  GeneratorSelection AND  !UndoRedo) AND (GuiBase AND  AbstractGenerator AND  GeneratorSelection AND  ModelBase) AND (GuiBase AND  RandomGenerator AND  GeneratorSelection AND  !UndoRedo) AND (!UndoRedoGenerator AND  RandomGenerator AND  !UndoRedoGuiBase AND  GeneratorSelection) AND (GuiBase AND  GeneratorSelection AND  !UndoRedoTest AND  !UndoRedo) AND (FormGenerator AND  AbstractGenerator AND  GeneratorSelection AND  ModelBase) AND (FormGenerator AND  RandomGenerator AND  GeneratorSelection AND  !UndoRedo) AND (FormGenerator AND  !UndoRedoGenerator AND  RandomGenerator AND  ModelBase) AND (GuiBase AND  !UndoRedoGuiBase AND  GeneratorSelection AND  !UndoRedo) AND (AbstractGenerator AND  GeneratorSelection AND  !UndoRedoTest AND  ModelBase) AND (FormGenerator AND  GuiBase AND  RandomGenerator AND  !UndoRedoTest) AND (GuiBase AND  GeneratorSelection AND  !UndoRedoTest AND  ModelBase) AND (!UndoRedoGenerator AND  !UndoRedoGuiBase AND  GeneratorSelection AND  !UndoRedoTest) AND (AbstractGenerator AND  GeneratorSelection AND  !UndoRedoTest AND  !UndoRedo) AND (FormGenerator AND  GuiBase AND  AbstractGenerator AND  RandomGenerator) AND (!UndoRedoGenerator AND  AbstractGenerator AND  GeneratorSelection AND  !UndoRedo) AND (AbstractGenerator AND  !UndoRedoGuiBase AND  GeneratorSelection AND  !UndoRedo) AND (FormGenerator AND  !UndoRedoGenerator AND  AbstractGenerator AND  RandomGenerator) AND (FormGenerator AND  GuiBase AND  GeneratorSelection AND  ModelBase) AND (FormGenerator AND  AbstractGenerator AND  RandomGenerator AND  !UndoRedoTest) AND (!UndoRedoGenerator AND  GuiBase AND  GeneratorSelection AND  !UndoRedo) AND (FormGenerator AND  GeneratorSelection AND  !UndoRedoTest AND  !UndoRedo) AND (FormGenerator AND  !UndoRedoGenerator AND  GeneratorSelection AND  !UndoRedo) AND (AbstractGenerator AND  RandomGenerator AND  GeneratorSelection AND  !UndoRedo) AND (RandomGenerator AND  !UndoRedoGuiBase AND  GeneratorSelection AND  !UndoRedoTest) AND (RandomGenerator AND  GeneratorSelection AND  ModelBase AND  !UndoRedo) AND (FormGenerator AND  RandomGenerator AND  !UndoRedoGuiBase AND  ModelBase) AND (!UndoRedoGenerator AND  GeneratorSelection AND  !UndoRedoTest AND  ModelBase) AND (FormGenerator AND  AbstractGenerator AND  RandomGenerator AND  GeneratorSelection) AND (GuiBase AND  AbstractGenerator AND  RandomGenerator AND  GeneratorSelection) AND (FormGenerator AND  GuiBase AND  AbstractGenerator AND  GeneratorSelection) AND (AbstractGenerator AND  !UndoRedoGuiBase AND  GeneratorSelection AND  !UndoRedoTest) AND (FormGenerator AND  !UndoRedoGuiBase AND  GeneratorSelection AND  ModelBase) AND (FormGenerator AND  RandomGenerator AND  !UndoRedoTest AND  ModelBase) AND (FormGenerator AND  !UndoRedoGuiBase AND  GeneratorSelection AND  !UndoRedoTest) AND (GuiBase AND  !UndoRedoGuiBase AND  GeneratorSelection AND  ModelBase) AND (FormGenerator AND  GeneratorSelection AND  !UndoRedoTest AND  ModelBase) AND (FormGenerator AND  !UndoRedoGenerator AND  RandomGenerator AND  !UndoRedo) AND (FormGenerator AND  GuiBase AND  GeneratorSelection AND  !UndoRedo) AND (GuiBase AND  !UndoRedoGuiBase AND  GeneratorSelection AND  !UndoRedoTest) AND (AbstractGenerator AND  RandomGenerator AND  GeneratorSelection AND  ModelBase) AND (FormGenerator AND  RandomGenerator AND  ModelBase AND  !UndoRedo) AND (RandomGenerator AND  GeneratorSelection AND  !UndoRedoTest AND  !UndoRedo) AND (!UndoRedoGenerator AND  RandomGenerator AND  GeneratorSelection AND  !UndoRedo) AND (!UndoRedoGenerator AND  GuiBase AND  !UndoRedoGuiBase AND  GeneratorSelection) AND (FormGenerator AND  !UndoRedoGenerator AND  RandomGenerator AND  !UndoRedoTest) AND (FormGenerator AND  !UndoRedoGenerator AND  !UndoRedoGuiBase AND  GeneratorSelection) AND (!UndoRedoGenerator AND  GeneratorSelection AND  ModelBase AND  !UndoRedo) AND (FormGenerator AND  GuiBase AND  RandomGenerator AND  !UndoRedoGuiBase) AND (RandomGenerator AND  !UndoRedoGuiBase AND  GeneratorSelection AND  ModelBase) AND (RandomGenerator AND  GeneratorSelection AND  !UndoRedoTest AND  ModelBase) AND (FormGenerator AND  !UndoRedoGenerator AND  AbstractGenerator AND  GeneratorSelection) AND (!UndoRedoGuiBase AND  GeneratorSelection AND  !UndoRedoTest AND  !UndoRedo) AND (!UndoRedoGenerator AND  GuiBase AND  AbstractGenerator AND  GeneratorSelection) AND (FormGenerator AND  GuiBase AND  !UndoRedoGuiBase AND  GeneratorSelection) AND (!UndoRedoGenerator AND  AbstractGenerator AND  !UndoRedoGuiBase AND  GeneratorSelection) AND (FormGenerator AND  !UndoRedoGenerator AND  RandomGenerator AND  GeneratorSelection) AND (!UndoRedoGenerator AND  GuiBase AND  RandomGenerator AND  GeneratorSelection) AND (FormGenerator AND  GuiBase AND  GeneratorSelection AND  !UndoRedoTest) AND (RandomGenerator AND  !UndoRedoGuiBase AND  GeneratorSelection AND  !UndoRedo) AND (!UndoRedoGenerator AND  AbstractGenerator AND  RandomGenerator AND  GeneratorSelection) AND (FormGenerator AND  GuiBase AND  RandomGenerator AND  GeneratorSelection) AND (FormGenerator AND  GeneratorSelection AND  ModelBase AND  !UndoRedo) AND (!UndoRedoGenerator AND  AbstractGenerator AND  GeneratorSelection AND  !UndoRedoTest) AND (FormGenerator AND  !UndoRedoGenerator AND  GeneratorSelection AND  !UndoRedoTest) AND (AbstractGenerator AND  RandomGenerator AND  GeneratorSelection AND  !UndoRedoTest) AND (GuiBase AND  GeneratorSelection AND  ModelBase AND  !UndoRedo) AND (!UndoRedoGenerator AND  GuiBase AND  GeneratorSelection AND  !UndoRedoTest) AND (FormGenerator AND  RandomGenerator AND  !UndoRedoGuiBase AND  !UndoRedoTest) AND (FormGenerator AND  AbstractGenerator AND  RandomGenerator AND  !UndoRedo) AND (FormGenerator AND  !UndoRedoGenerator AND  RandomGenerator AND  !UndoRedoGuiBase) AND (FormGenerator AND  GuiBase AND  RandomGenerator AND  !UndoRedo) AND (AbstractGenerator AND  GeneratorSelection AND  ModelBase AND  !UndoRedo) AND (FormGenerator AND  AbstractGenerator AND  !UndoRedoGuiBase AND  GeneratorSelection) AND (!UndoRedoGuiBase AND  GeneratorSelection AND  !UndoRedoTest AND  ModelBase) AND (GuiBase AND  AbstractGenerator AND  !UndoRedoGuiBase AND  GeneratorSelection) AND (!UndoRedoGenerator AND  !UndoRedoGuiBase AND  GeneratorSelection AND  ModelBase) AND (GuiBase AND  !UndoRedoGuiBase AND  GeneratorSelection AND  !UndoRedoTest AND  ModelBase) AND (FormGenerator AND  !UndoRedoGenerator AND  GeneratorSelection AND  ModelBase AND  !UndoRedo) AND (!UndoRedoGenerator AND  GuiBase AND  !UndoRedoGuiBase AND  GeneratorSelection AND  !UndoRedoTest) AND (!UndoRedoGenerator AND  AbstractGenerator AND  GeneratorSelection AND  !UndoRedoTest AND  !UndoRedo) AND (FormGenerator AND  !UndoRedoGenerator AND  GuiBase AND  RandomGenerator AND  GeneratorSelection) AND (FormGenerator AND  RandomGenerator AND  !UndoRedoGuiBase AND  GeneratorSelection AND  !UndoRedo) AND (FormGenerator AND  !UndoRedoGuiBase AND  GeneratorSelection AND  !UndoRedoTest AND  ModelBase) AND (FormGenerator AND  GuiBase AND  RandomGenerator AND  GeneratorSelection AND  ModelBase) AND (FormGenerator AND  !UndoRedoGenerator AND  !UndoRedoGuiBase AND  GeneratorSelection AND  !UndoRedoTest) AND (FormGenerator AND  AbstractGenerator AND  RandomGenerator AND  !UndoRedoTest AND  !UndoRedo) AND (!UndoRedoGenerator AND  AbstractGenerator AND  RandomGenerator AND  GeneratorSelection AND  ModelBase) AND (AbstractGenerator AND  !UndoRedoGuiBase AND  GeneratorSelection AND  ModelBase AND  !UndoRedo) AND (FormGenerator AND  !UndoRedoGenerator AND  RandomGenerator AND  !UndoRedoGuiBase AND  !UndoRedoTest) AND (GuiBase AND  AbstractGenerator AND  RandomGenerator AND  GeneratorSelection AND  !UndoRedoTest) AND (!UndoRedoGenerator AND  RandomGenerator AND  GeneratorSelection AND  !UndoRedoTest AND  !UndoRedo) AND (FormGenerator AND  !UndoRedoGenerator AND  GuiBase AND  AbstractGenerator AND  GeneratorSelection) AND (FormGenerator AND  AbstractGenerator AND  RandomGenerator AND  !UndoRedoGuiBase AND  !UndoRedo) AND (FormGenerator AND  AbstractGenerator AND  !UndoRedoGuiBase AND  GeneratorSelection AND  !UndoRedo) AND (FormGenerator AND  !UndoRedoGenerator AND  GuiBase AND  AbstractGenerator AND  RandomGenerator) AND (FormGenerator AND  AbstractGenerator AND  RandomGenerator AND  GeneratorSelection AND  !UndoRedoTest) AND (FormGenerator AND  AbstractGenerator AND  GeneratorSelection AND  !UndoRedoTest AND  !UndoRedo) AND (GuiBase AND  AbstractGenerator AND  !UndoRedoGuiBase AND  GeneratorSelection AND  !UndoRedo) AND (!UndoRedoGenerator AND  RandomGenerator AND  GeneratorSelection AND  ModelBase AND  !UndoRedo) AND (FormGenerator AND  GuiBase AND  RandomGenerator AND  !UndoRedoGuiBase AND  !UndoRedo) AND (!UndoRedoGenerator AND  RandomGenerator AND  !UndoRedoGuiBase AND  GeneratorSelection AND  !UndoRedo) AND (RandomGenerator AND  GeneratorSelection AND  !UndoRedoTest AND  ModelBase AND  !UndoRedo) AND (AbstractGenerator AND  !UndoRedoGuiBase AND  GeneratorSelection AND  !UndoRedoTest AND  ModelBase) AND (GuiBase AND  AbstractGenerator AND  GeneratorSelection AND  !UndoRedoTest AND  !UndoRedo) AND (GuiBase AND  RandomGenerator AND  !UndoRedoGuiBase AND  GeneratorSelection AND  !UndoRedo) AND (FormGenerator AND  !UndoRedoGenerator AND  RandomGenerator AND  ModelBase AND  !UndoRedo) AND (!UndoRedoGenerator AND  GuiBase AND  RandomGenerator AND  GeneratorSelection AND  ModelBase) AND (FormGenerator AND  !UndoRedoGenerator AND  GuiBase AND  GeneratorSelection AND  !UndoRedo) AND (FormGenerator AND  GuiBase AND  RandomGenerator AND  !UndoRedoGuiBase AND  !UndoRedoTest) AND (FormGenerator AND  GuiBase AND  AbstractGenerator AND  GeneratorSelection AND  ModelBase) AND (FormGenerator AND  GuiBase AND  GeneratorSelection AND  !UndoRedoTest AND  !UndoRedo) AND (FormGenerator AND  !UndoRedoGenerator AND  AbstractGenerator AND  RandomGenerator AND  ModelBase) AND (GuiBase AND  !UndoRedoGuiBase AND  GeneratorSelection AND  ModelBase AND  !UndoRedo) AND (!UndoRedoGenerator AND  AbstractGenerator AND  RandomGenerator AND  GeneratorSelection AND  !UndoRedoTest) AND (!UndoRedoGenerator AND  GuiBase AND  !UndoRedoGuiBase AND  GeneratorSelection AND  ModelBase) AND (FormGenerator AND  GeneratorSelection AND  !UndoRedoTest AND  ModelBase AND  !UndoRedo) AND (FormGenerator AND  !UndoRedoGenerator AND  !UndoRedoGuiBase AND  GeneratorSelection AND  ModelBase) AND (FormGenerator AND  !UndoRedoGenerator AND  AbstractGenerator AND  RandomGenerator AND  !UndoRedo) AND (FormGenerator AND  GuiBase AND  RandomGenerator AND  GeneratorSelection AND  !UndoRedoTest) AND (FormGenerator AND  GuiBase AND  AbstractGenerator AND  !UndoRedoGuiBase AND  GeneratorSelection) AND (FormGenerator AND  GuiBase AND  GeneratorSelection AND  ModelBase AND  !UndoRedo) AND (AbstractGenerator AND  RandomGenerator AND  !UndoRedoGuiBase AND  GeneratorSelection AND  ModelBase) AND (GuiBase AND  RandomGenerator AND  GeneratorSelection AND  ModelBase AND  !UndoRedo) AND (!UndoRedoGenerator AND  AbstractGenerator AND  !UndoRedoGuiBase AND  GeneratorSelection AND  !UndoRedoTest) AND (FormGenerator AND  RandomGenerator AND  GeneratorSelection AND  ModelBase AND  !UndoRedo) AND (FormGenerator AND  !UndoRedoGenerator AND  RandomGenerator AND  !UndoRedoTest AND  !UndoRedo) AND (!UndoRedoGenerator AND  GuiBase AND  AbstractGenerator AND  RandomGenerator AND  GeneratorSelection) AND (FormGenerator AND  GuiBase AND  RandomGenerator AND  !UndoRedoGuiBase AND  GeneratorSelection) AND (FormGenerator AND  !UndoRedoGenerator AND  AbstractGenerator AND  RandomGenerator AND  GeneratorSelection) AND (!UndoRedoGenerator AND  GuiBase AND  AbstractGenerator AND  !UndoRedoGuiBase AND  GeneratorSelection) AND (RandomGenerator AND  !UndoRedoGuiBase AND  GeneratorSelection AND  !UndoRedoTest AND  ModelBase) AND (FormGenerator AND  !UndoRedoGenerator AND  GuiBase AND  !UndoRedoGuiBase AND  GeneratorSelection) AND (FormGenerator AND  AbstractGenerator AND  RandomGenerator AND  !UndoRedoGuiBase AND  GeneratorSelection) AND (FormGenerator AND  RandomGenerator AND  !UndoRedoGuiBase AND  ModelBase AND  !UndoRedo) AND (GuiBase AND  AbstractGenerator AND  RandomGenerator AND  !UndoRedoGuiBase AND  GeneratorSelection) AND (!UndoRedoGenerator AND  GuiBase AND  RandomGenerator AND  GeneratorSelection AND  !UndoRedoTest) AND (!UndoRedoGenerator AND  RandomGenerator AND  !UndoRedoGuiBase AND  GeneratorSelection AND  ModelBase) AND (GuiBase AND  AbstractGenerator AND  !UndoRedoGuiBase AND  GeneratorSelection AND  !UndoRedoTest) AND (!UndoRedoGenerator AND  AbstractGenerator AND  GeneratorSelection AND  ModelBase AND  !UndoRedo) AND (!UndoRedoGenerator AND  !UndoRedoGuiBase AND  GeneratorSelection AND  !UndoRedoTest AND  ModelBase) AND (FormGenerator AND  !UndoRedoGenerator AND  AbstractGenerator AND  !UndoRedoGuiBase AND  GeneratorSelection) AND (FormGenerator AND  GuiBase AND  AbstractGenerator AND  GeneratorSelection AND  !UndoRedo) AND (AbstractGenerator AND  GeneratorSelection AND  !UndoRedoTest AND  ModelBase AND  !UndoRedo) AND (FormGenerator AND  AbstractGenerator AND  !UndoRedoGuiBase AND  GeneratorSelection AND  !UndoRedoTest) AND (FormGenerator AND  GuiBase AND  AbstractGenerator AND  RandomGenerator AND  ModelBase) AND (!UndoRedoGenerator AND  GuiBase AND  GeneratorSelection AND  ModelBase AND  !UndoRedo) AND (FormGenerator AND  GuiBase AND  RandomGenerator AND  !UndoRedoTest AND  !UndoRedo) AND (FormGenerator AND  GuiBase AND  !UndoRedoGuiBase AND  GeneratorSelection AND  !UndoRedoTest) AND (FormGenerator AND  !UndoRedoGenerator AND  GuiBase AND  RandomGenerator AND  !UndoRedo) AND (GuiBase AND  GeneratorSelection AND  !UndoRedoTest AND  ModelBase AND  !UndoRedo) AND (!UndoRedoGenerator AND  AbstractGenerator AND  RandomGenerator AND  GeneratorSelection AND  !UndoRedo) AND (FormGenerator AND  !UndoRedoGenerator AND  AbstractGenerator AND  RandomGenerator AND  !UndoRedoGuiBase) AND (FormGenerator AND  !UndoRedoGuiBase AND  GeneratorSelection AND  !UndoRedoTest AND  !UndoRedo) AND (FormGenerator AND  GuiBase AND  RandomGenerator AND  GeneratorSelection AND  !UndoRedo) AND (FormGenerator AND  !UndoRedoGenerator AND  RandomGenerator AND  !UndoRedoGuiBase AND  GeneratorSelection) AND (FormGenerator AND  GuiBase AND  AbstractGenerator AND  RandomGenerator AND  !UndoRedo) AND (FormGenerator AND  RandomGenerator AND  !UndoRedoGuiBase AND  GeneratorSelection AND  ModelBase) AND (FormGenerator AND  RandomGenerator AND  GeneratorSelection AND  !UndoRedoTest AND  ModelBase) AND (AbstractGenerator AND  RandomGenerator AND  !UndoRedoGuiBase AND  GeneratorSelection AND  !UndoRedoTest) AND (GuiBase AND  !UndoRedoGuiBase AND  GeneratorSelection AND  !UndoRedoTest AND  !UndoRedo) AND (FormGenerator AND  AbstractGenerator AND  RandomGenerator AND  !UndoRedoGuiBase AND  ModelBase) AND (AbstractGenerator AND  RandomGenerator AND  GeneratorSelection AND  ModelBase AND  !UndoRedo) AND (GuiBase AND  RandomGenerator AND  GeneratorSelection AND  !UndoRedoTest AND  ModelBase) AND (FormGenerator AND  RandomGenerator AND  !UndoRedoGuiBase AND  !UndoRedoTest AND  !UndoRedo) AND (FormGenerator AND  AbstractGenerator AND  GeneratorSelection AND  !UndoRedoTest AND  ModelBase) AND (FormGenerator AND  !UndoRedoGenerator AND  GuiBase AND  GeneratorSelection AND  !UndoRedoTest) AND (FormGenerator AND  AbstractGenerator AND  !UndoRedoGuiBase AND  GeneratorSelection AND  ModelBase) AND (FormGenerator AND  !UndoRedoGenerator AND  RandomGenerator AND  GeneratorSelection AND  !UndoRedoTest) AND (FormGenerator AND  AbstractGenerator AND  RandomGenerator AND  !UndoRedoTest AND  ModelBase) AND (GuiBase AND  RandomGenerator AND  !UndoRedoGuiBase AND  GeneratorSelection AND  ModelBase) AND (!UndoRedoGenerator AND  !UndoRedoGuiBase AND  GeneratorSelection AND  ModelBase AND  !UndoRedo) AND (GuiBase AND  AbstractGenerator AND  GeneratorSelection AND  !UndoRedoTest AND  ModelBase) AND (!UndoRedoGenerator AND  RandomGenerator AND  GeneratorSelection AND  !UndoRedoTest AND  ModelBase) AND (GuiBase AND  AbstractGenerator AND  GeneratorSelection AND  ModelBase AND  !UndoRedo) AND (FormGenerator AND  GuiBase AND  RandomGenerator AND  !UndoRedoTest AND  ModelBase) AND (FormGenerator AND  GuiBase AND  !UndoRedoGuiBase AND  GeneratorSelection AND  ModelBase) AND (RandomGenerator AND  !UndoRedoGuiBase AND  GeneratorSelection AND  !UndoRedoTest AND  !UndoRedo) AND (FormGenerator AND  !UndoRedoGenerator AND  AbstractGenerator AND  GeneratorSelection AND  !UndoRedo) AND (!UndoRedoGenerator AND  GuiBase AND  AbstractGenerator AND  GeneratorSelection AND  !UndoRedo) AND (FormGenerator AND  !UndoRedoGenerator AND  AbstractGenerator AND  GeneratorSelection AND  !UndoRedoTest) AND (FormGenerator AND  AbstractGenerator AND  GeneratorSelection AND  ModelBase AND  !UndoRedo) AND (!UndoRedoGenerator AND  GeneratorSelection AND  !UndoRedoTest AND  ModelBase AND  !UndoRedo) AND (FormGenerator AND  !UndoRedoGenerator AND  GuiBase AND  RandomGenerator AND  ModelBase) AND (FormGenerator AND  AbstractGenerator AND  RandomGenerator AND  GeneratorSelection AND  !UndoRedo) AND (GuiBase AND  AbstractGenerator AND  RandomGenerator AND  GeneratorSelection AND  !UndoRedo) AND (FormGenerator AND  GuiBase AND  AbstractGenerator AND  RandomGenerator AND  GeneratorSelection) AND (!UndoRedoGenerator AND  AbstractGenerator AND  RandomGenerator AND  !UndoRedoGuiBase AND  GeneratorSelection) AND (!UndoRedoGenerator AND  GuiBase AND  RandomGenerator AND  !UndoRedoGuiBase AND  GeneratorSelection) AND (FormGenerator AND  !UndoRedoGenerator AND  GuiBase AND  RandomGenerator AND  !UndoRedoGuiBase) AND (FormGenerator AND  !UndoRedoGuiBase AND  GeneratorSelection AND  ModelBase AND  !UndoRedo) AND (!UndoRedoGenerator AND  GuiBase AND  AbstractGenerator AND  GeneratorSelection AND  !UndoRedoTest) AND (!UndoRedoGenerator AND  AbstractGenerator AND  !UndoRedoGuiBase AND  GeneratorSelection AND  ModelBase) AND (!UndoRedoGenerator AND  !UndoRedoGuiBase AND  GeneratorSelection AND  !UndoRedoTest AND  !UndoRedo) AND (GuiBase AND  RandomGenerator AND  !UndoRedoGuiBase AND  GeneratorSelection AND  !UndoRedoTest) AND (FormGenerator AND  RandomGenerator AND  !UndoRedoTest AND  ModelBase AND  !UndoRedo) AND (FormGenerator AND  !UndoRedoGenerator AND  RandomGenerator AND  GeneratorSelection AND  ModelBase) AND (FormGenerator AND  RandomGenerator AND  !UndoRedoGuiBase AND  GeneratorSelection AND  !UndoRedoTest) AND (FormGenerator AND  GuiBase AND  AbstractGenerator AND  RandomGenerator AND  !UndoRedoTest) AND (!UndoRedoGenerator AND  GuiBase AND  GeneratorSelection AND  !UndoRedoTest AND  ModelBase) AND (FormGenerator AND  AbstractGenerator AND  RandomGenerator AND  ModelBase AND  !UndoRedo) AND (FormGenerator AND  !UndoRedoGenerator AND  GeneratorSelection AND  !UndoRedoTest AND  !UndoRedo) AND (AbstractGenerator AND  RandomGenerator AND  GeneratorSelection AND  !UndoRedoTest AND  !UndoRedo) AND (FormGenerator AND  AbstractGenerator AND  RandomGenerator AND  !UndoRedoGuiBase AND  !UndoRedoTest) AND (!UndoRedoGenerator AND  GuiBase AND  GeneratorSelection AND  !UndoRedoTest AND  !UndoRedo) AND (FormGenerator AND  !UndoRedoGenerator AND  AbstractGenerator AND  GeneratorSelection AND  ModelBase) AND (!UndoRedoGuiBase AND  GeneratorSelection AND  !UndoRedoTest AND  ModelBase AND  !UndoRedo) AND (FormGenerator AND  !UndoRedoGenerator AND  RandomGenerator AND  !UndoRedoGuiBase AND  !UndoRedo) AND (FormGenerator AND  !UndoRedoGenerator AND  RandomGenerator AND  !UndoRedoTest AND  ModelBase) AND (!UndoRedoGenerator AND  GuiBase AND  !UndoRedoGuiBase AND  GeneratorSelection AND  !UndoRedo) AND (AbstractGenerator AND  RandomGenerator AND  !UndoRedoGuiBase AND  GeneratorSelection AND  !UndoRedo) AND (AbstractGenerator AND  RandomGenerator AND  GeneratorSelection AND  !UndoRedoTest AND  ModelBase) AND (FormGenerator AND  GuiBase AND  AbstractGenerator AND  GeneratorSelection AND  !UndoRedoTest) AND (!UndoRedoGenerator AND  GuiBase AND  AbstractGenerator AND  GeneratorSelection AND  ModelBase) AND (FormGenerator AND  !UndoRedoGenerator AND  GeneratorSelection AND  !UndoRedoTest AND  ModelBase) AND (FormGenerator AND  GuiBase AND  RandomGenerator AND  !UndoRedoGuiBase AND  ModelBase) AND (FormGenerator AND  !UndoRedoGenerator AND  !UndoRedoGuiBase AND  GeneratorSelection AND  !UndoRedo) AND (FormGenerator AND  GuiBase AND  RandomGenerator AND  ModelBase AND  !UndoRedo) AND (!UndoRedoGenerator AND  RandomGenerator AND  !UndoRedoGuiBase AND  GeneratorSelection AND  !UndoRedoTest) AND (GuiBase AND  AbstractGenerator AND  RandomGenerator AND  GeneratorSelection AND  ModelBase) AND (RandomGenerator AND  !UndoRedoGuiBase AND  GeneratorSelection AND  ModelBase AND  !UndoRedo) AND (FormGenerator AND  !UndoRedoGenerator AND  RandomGenerator AND  !UndoRedoGuiBase AND  ModelBase) AND (FormGenerator AND  GuiBase AND  GeneratorSelection AND  !UndoRedoTest AND  ModelBase) AND (GuiBase AND  AbstractGenerator AND  !UndoRedoGuiBase AND  GeneratorSelection AND  ModelBase) AND (FormGenerator AND  !UndoRedoGenerator AND  GuiBase AND  RandomGenerator AND  !UndoRedoTest) AND (FormGenerator AND  RandomGenerator AND  GeneratorSelection AND  !UndoRedoTest AND  !UndoRedo) AND (!UndoRedoGenerator AND  AbstractGenerator AND  !UndoRedoGuiBase AND  GeneratorSelection AND  !UndoRedo) AND (FormGenerator AND  GuiBase AND  !UndoRedoGuiBase AND  GeneratorSelection AND  !UndoRedo) AND (!UndoRedoGenerator AND  AbstractGenerator AND  GeneratorSelection AND  !UndoRedoTest AND  ModelBase) AND (AbstractGenerator AND  !UndoRedoGuiBase AND  GeneratorSelection AND  !UndoRedoTest AND  !UndoRedo) AND (FormGenerator AND  GuiBase AND  AbstractGenerator AND  RandomGenerator AND  !UndoRedoGuiBase) AND (FormGenerator AND  !UndoRedoGenerator AND  RandomGenerator AND  GeneratorSelection AND  !UndoRedo) AND (FormGenerator AND  !UndoRedoGenerator AND  GuiBase AND  GeneratorSelection AND  ModelBase) AND (!UndoRedoGenerator AND  GuiBase AND  RandomGenerator AND  GeneratorSelection AND  !UndoRedo) AND (GuiBase AND  RandomGenerator AND  GeneratorSelection AND  !UndoRedoTest AND  !UndoRedo) AND (FormGenerator AND  !UndoRedoGenerator AND  AbstractGenerator AND  RandomGenerator AND  !UndoRedoTest) AND (FormGenerator AND  RandomGenerator AND  !UndoRedoGuiBase AND  !UndoRedoTest AND  ModelBase) AND (FormGenerator AND  AbstractGenerator AND  RandomGenerator AND  GeneratorSelection AND  ModelBase) AND d^5(FormGenerator AND  GuiBase AND  AbstractGenerator AND  RandomGenerator AND  GeneratorSelection AND  ModelBase)" to="(GuiBase) AND (ModelBase) AND (GuiBase AND  ModelBase)" weight="20" />
	<dependency from="(IO) AND (AbstractGenerator AND  IO) AND (IO AND  !UndoRedoTest) AND (GuiBase AND  IO) AND (IO AND  !UndoRedo) AND (!UndoRedoGenerator AND  IO) AND (IO AND  ModelBase) AND (IO AND  !UndoRedoGuiBase) AND (IO AND  !UndoRedoGuiBase AND  !UndoRedo) AND (!UndoRedoGenerator AND  IO AND  !UndoRedoGuiBase) AND (GuiBase AND  IO AND  !UndoRedo) AND (!UndoRedoGenerator AND  IO AND  !UndoRedoTest) AND (IO AND  !UndoRedoTest AND  ModelBase) AND (!UndoRedoGenerator AND  GuiBase AND  IO) AND (!UndoRedoGenerator AND  AbstractGenerator AND  IO) AND (IO AND  !UndoRedoGuiBase AND  ModelBase) AND (AbstractGenerator AND  IO AND  !UndoRedoGuiBase) AND (AbstractGenerator AND  IO AND  ModelBase) AND (GuiBase AND  IO AND  ModelBase) AND (!UndoRedoGenerator AND  IO AND  !UndoRedo) AND (IO AND  !UndoRedoTest AND  !UndoRedo) AND (IO AND  ModelBase AND  !UndoRedo) AND (GuiBase AND  AbstractGenerator AND  IO) AND (!UndoRedoGenerator AND  IO AND  ModelBase) AND (GuiBase AND  IO AND  !UndoRedoTest) AND (GuiBase AND  IO AND  !UndoRedoGuiBase) AND (AbstractGenerator AND  IO AND  !UndoRedoTest) AND (AbstractGenerator AND  IO AND  !UndoRedo) AND (IO AND  !UndoRedoGuiBase AND  !UndoRedoTest) AND (AbstractGenerator AND  IO AND  !UndoRedoTest AND  !UndoRedo) AND (GuiBase AND  IO AND  !UndoRedoGuiBase AND  !UndoRedoTest) AND (!UndoRedoGenerator AND  AbstractGenerator AND  IO AND  !UndoRedoTest) AND (AbstractGenerator AND  IO AND  !UndoRedoTest AND  ModelBase) AND (AbstractGenerator AND  IO AND  !UndoRedoGuiBase AND  !UndoRedo) AND (!UndoRedoGenerator AND  IO AND  !UndoRedoGuiBase AND  ModelBase) AND (GuiBase AND  IO AND  ModelBase AND  !UndoRedo) AND (!UndoRedoGenerator AND  IO AND  !UndoRedoTest AND  ModelBase) AND (AbstractGenerator AND  IO AND  !UndoRedoGuiBase AND  ModelBase) AND (!UndoRedoGenerator AND  IO AND  !UndoRedoGuiBase AND  !UndoRedo) AND (GuiBase AND  AbstractGenerator AND  IO AND  !UndoRedo) AND (!UndoRedoGenerator AND  IO AND  ModelBase AND  !UndoRedo) AND (!UndoRedoGenerator AND  IO AND  !UndoRedoTest AND  !UndoRedo) AND (IO AND  !UndoRedoTest AND  ModelBase AND  !UndoRedo) AND (!UndoRedoGenerator AND  AbstractGenerator AND  IO AND  ModelBase) AND (AbstractGenerator AND  IO AND  !UndoRedoGuiBase AND  !UndoRedoTest) AND (GuiBase AND  IO AND  !UndoRedoGuiBase AND  !UndoRedo) AND (GuiBase AND  IO AND  !UndoRedoTest AND  ModelBase) AND (!UndoRedoGenerator AND  GuiBase AND  IO AND  ModelBase) AND (!UndoRedoGenerator AND  AbstractGenerator AND  IO AND  !UndoRedoGuiBase) AND (GuiBase AND  IO AND  !UndoRedoGuiBase AND  ModelBase) AND (!UndoRedoGenerator AND  GuiBase AND  IO AND  !UndoRedoGuiBase) AND (IO AND  !UndoRedoGuiBase AND  !UndoRedoTest AND  ModelBase) AND (AbstractGenerator AND  IO AND  ModelBase AND  !UndoRedo) AND (GuiBase AND  AbstractGenerator AND  IO AND  !UndoRedoTest) AND (!UndoRedoGenerator AND  GuiBase AND  IO AND  !UndoRedoTest) AND (IO AND  !UndoRedoGuiBase AND  !UndoRedoTest AND  !UndoRedo) AND (GuiBase AND  AbstractGenerator AND  IO AND  ModelBase) AND (!UndoRedoGenerator AND  GuiBase AND  AbstractGenerator AND  IO) AND (GuiBase AND  AbstractGenerator AND  IO AND  !UndoRedoGuiBase) AND (!UndoRedoGenerator AND  IO AND  !UndoRedoGuiBase AND  !UndoRedoTest) AND (!UndoRedoGenerator AND  GuiBase AND  IO AND  !UndoRedo) AND (GuiBase AND  IO AND  !UndoRedoTest AND  !UndoRedo) AND (!UndoRedoGenerator AND  AbstractGenerator AND  IO AND  !UndoRedo) AND (IO AND  !UndoRedoGuiBase AND  ModelBase AND  !UndoRedo) AND (!UndoRedoGenerator AND  AbstractGenerator AND  IO AND  !UndoRedoGuiBase AND  ModelBase) AND (GuiBase AND  AbstractGenerator AND  IO AND  ModelBase AND  !UndoRedo) AND (!UndoRedoGenerator AND  GuiBase AND  AbstractGenerator AND  IO AND  !UndoRedo) AND (GuiBase AND  AbstractGenerator AND  IO AND  !UndoRedoGuiBase AND  !UndoRedoTest) AND (!UndoRedoGenerator AND  IO AND  !UndoRedoGuiBase AND  !UndoRedoTest AND  !UndoRedo) AND (!UndoRedoGenerator AND  AbstractGenerator AND  IO AND  !UndoRedoTest AND  ModelBase) AND (GuiBase AND  IO AND  !UndoRedoGuiBase AND  !UndoRedoTest AND  ModelBase) AND (!UndoRedoGenerator AND  AbstractGenerator AND  IO AND  !UndoRedoGuiBase AND  !UndoRedo) AND (!UndoRedoGenerator AND  GuiBase AND  IO AND  !UndoRedoGuiBase AND  !UndoRedoTest) AND (GuiBase AND  IO AND  !UndoRedoGuiBase AND  ModelBase AND  !UndoRedo) AND (GuiBase AND  IO AND  !UndoRedoGuiBase AND  !UndoRedoTest AND  !UndoRedo) AND (!UndoRedoGenerator AND  GuiBase AND  IO AND  !UndoRedoGuiBase AND  !UndoRedo) AND (!UndoRedoGenerator AND  GuiBase AND  IO AND  !UndoRedoTest AND  ModelBase) AND (AbstractGenerator AND  IO AND  !UndoRedoGuiBase AND  ModelBase AND  !UndoRedo) AND (GuiBase AND  AbstractGenerator AND  IO AND  !UndoRedoTest AND  !UndoRedo) AND (!UndoRedoGenerator AND  IO AND  !UndoRedoTest AND  ModelBase AND  !UndoRedo) AND (!UndoRedoGenerator AND  GuiBase AND  AbstractGenerator AND  IO AND  !UndoRedoTest) AND (GuiBase AND  AbstractGenerator AND  IO AND  !UndoRedoGuiBase AND  !UndoRedo) AND (GuiBase AND  AbstractGenerator AND  IO AND  !UndoRedoTest AND  ModelBase) AND (!UndoRedoGenerator AND  GuiBase AND  AbstractGenerator AND  IO AND  !UndoRedoGuiBase) AND (!UndoRedoGenerator AND  AbstractGenerator AND  IO AND  !UndoRedoGuiBase AND  !UndoRedoTest) AND (AbstractGenerator AND  IO AND  !UndoRedoGuiBase AND  !UndoRedoTest AND  ModelBase) AND (!UndoRedoGenerator AND  AbstractGenerator AND  IO AND  ModelBase AND  !UndoRedo) AND (AbstractGenerator AND  IO AND  !UndoRedoGuiBase AND  !UndoRedoTest AND  !UndoRedo) AND (GuiBase AND  AbstractGenerator AND  IO AND  !UndoRedoGuiBase AND  ModelBase) AND (!UndoRedoGenerator AND  GuiBase AND  IO AND  !UndoRedoGuiBase AND  ModelBase) AND (!UndoRedoGenerator AND  GuiBase AND  IO AND  ModelBase AND  !UndoRedo) AND (GuiBase AND  IO AND  !UndoRedoTest AND  ModelBase AND  !UndoRedo) AND (!UndoRedoGenerator AND  AbstractGenerator AND  IO AND  !UndoRedoTest AND  !UndoRedo) AND (AbstractGenerator AND  IO AND  !UndoRedoTest AND  ModelBase AND  !UndoRedo) AND (IO AND  !UndoRedoGuiBase AND  !UndoRedoTest AND  ModelBase AND  !UndoRedo) AND (!UndoRedoGenerator AND  IO AND  !UndoRedoGuiBase AND  ModelBase AND  !UndoRedo) AND (!UndoRedoGenerator AND  IO AND  !UndoRedoGuiBase AND  !UndoRedoTest AND  ModelBase) AND (!UndoRedoGenerator AND  GuiBase AND  AbstractGenerator AND  IO AND  ModelBase) AND (!UndoRedoGenerator AND  GuiBase AND  IO AND  !UndoRedoTest AND  !UndoRedo)" to="(GuiBase) AND (ModelBase) AND (GuiBase AND  ModelBase)" weight="46" />
	<dependency from="(PopUpMenu) AND (AbstractGenerator AND  PopUpMenu) AND (!UndoRedoTest AND  PopUpMenu) AND (!UndoRedoGuiBase AND  PopUpMenu) AND (ModelBase AND  PopUpMenu) AND (!UndoRedoGenerator AND  PopUpMenu) AND (GuiBase AND  PopUpMenu) AND (PopUpMenu AND  !UndoRedo) AND (!UndoRedoGuiBase AND  PopUpMenu AND  !UndoRedo) AND (!UndoRedoTest AND  ModelBase AND  PopUpMenu) AND (!UndoRedoGenerator AND  !UndoRedoTest AND  PopUpMenu) AND (GuiBase AND  PopUpMenu AND  !UndoRedo) AND (!UndoRedoGenerator AND  GuiBase AND  PopUpMenu) AND (!UndoRedoGenerator AND  AbstractGenerator AND  PopUpMenu) AND (!UndoRedoGuiBase AND  ModelBase AND  PopUpMenu) AND (AbstractGenerator AND  PopUpMenu AND  !UndoRedo) AND (AbstractGenerator AND  !UndoRedoTest AND  PopUpMenu) AND (!UndoRedoGenerator AND  !UndoRedoGuiBase AND  PopUpMenu) AND (!UndoRedoGuiBase AND  !UndoRedoTest AND  PopUpMenu) AND (ModelBase AND  PopUpMenu AND  !UndoRedo) AND (GuiBase AND  AbstractGenerator AND  PopUpMenu) AND (!UndoRedoGenerator AND  ModelBase AND  PopUpMenu) AND (GuiBase AND  !UndoRedoTest AND  PopUpMenu) AND (GuiBase AND  !UndoRedoGuiBase AND  PopUpMenu) AND (AbstractGenerator AND  ModelBase AND  PopUpMenu) AND (AbstractGenerator AND  !UndoRedoGuiBase AND  PopUpMenu) AND (!UndoRedoTest AND  PopUpMenu AND  !UndoRedo) AND (!UndoRedoGenerator AND  PopUpMenu AND  !UndoRedo) AND (GuiBase AND  ModelBase AND  PopUpMenu) AND (!UndoRedoGenerator AND  GuiBase AND  ModelBase AND  PopUpMenu) AND (!UndoRedoGenerator AND  AbstractGenerator AND  !UndoRedoTest AND  PopUpMenu) AND (AbstractGenerator AND  !UndoRedoTest AND  PopUpMenu AND  !UndoRedo) AND (AbstractGenerator AND  !UndoRedoTest AND  ModelBase AND  PopUpMenu) AND (!UndoRedoGenerator AND  !UndoRedoGuiBase AND  ModelBase AND  PopUpMenu) AND (AbstractGenerator AND  !UndoRedoGuiBase AND  PopUpMenu AND  !UndoRedo) AND (AbstractGenerator AND  !UndoRedoGuiBase AND  ModelBase AND  PopUpMenu) AND (GuiBase AND  ModelBase AND  PopUpMenu AND  !UndoRedo) AND (!UndoRedoGenerator AND  !UndoRedoGuiBase AND  PopUpMenu AND  !UndoRedo) AND (!UndoRedoGenerator AND  !UndoRedoTest AND  ModelBase AND  PopUpMenu) AND (!UndoRedoGenerator AND  GuiBase AND  AbstractGenerator AND  PopUpMenu) AND (!UndoRedoGenerator AND  !UndoRedoGuiBase AND  !UndoRedoTest AND  PopUpMenu) AND (GuiBase AND  AbstractGenerator AND  !UndoRedoGuiBase AND  PopUpMenu) AND (!UndoRedoGenerator AND  GuiBase AND  PopUpMenu AND  !UndoRedo) AND (!UndoRedoGuiBase AND  !UndoRedoTest AND  ModelBase AND  PopUpMenu) AND (!UndoRedoGenerator AND  AbstractGenerator AND  PopUpMenu AND  !UndoRedo) AND (!UndoRedoGuiBase AND  ModelBase AND  PopUpMenu AND  !UndoRedo) AND (GuiBase AND  !UndoRedoTest AND  PopUpMenu AND  !UndoRedo) AND (GuiBase AND  AbstractGenerator AND  ModelBase AND  PopUpMenu) AND (GuiBase AND  !UndoRedoGuiBase AND  ModelBase AND  PopUpMenu) AND (!UndoRedoGenerator AND  GuiBase AND  !UndoRedoGuiBase AND  PopUpMenu) AND (GuiBase AND  !UndoRedoGuiBase AND  PopUpMenu AND  !UndoRedo) AND (GuiBase AND  !UndoRedoTest AND  ModelBase AND  PopUpMenu) AND (!UndoRedoGenerator AND  AbstractGenerator AND  ModelBase AND  PopUpMenu) AND (AbstractGenerator AND  ModelBase AND  PopUpMenu AND  !UndoRedo) AND (!UndoRedoGenerator AND  GuiBase AND  !UndoRedoTest AND  PopUpMenu) AND (GuiBase AND  AbstractGenerator AND  !UndoRedoTest AND  PopUpMenu) AND (!UndoRedoGuiBase AND  !UndoRedoTest AND  PopUpMenu AND  !UndoRedo) AND (!UndoRedoTest AND  ModelBase AND  PopUpMenu AND  !UndoRedo) AND (GuiBase AND  AbstractGenerator AND  PopUpMenu AND  !UndoRedo) AND (!UndoRedoGenerator AND  !UndoRedoTest AND  PopUpMenu AND  !UndoRedo) AND (!UndoRedoGenerator AND  ModelBase AND  PopUpMenu AND  !UndoRedo) AND (AbstractGenerator AND  !UndoRedoGuiBase AND  !UndoRedoTest AND  PopUpMenu) AND (GuiBase AND  !UndoRedoGuiBase AND  !UndoRedoTest AND  PopUpMenu) AND (!UndoRedoGenerator AND  AbstractGenerator AND  !UndoRedoGuiBase AND  PopUpMenu) AND (!UndoRedoGenerator AND  GuiBase AND  AbstractGenerator AND  PopUpMenu AND  !UndoRedo) AND (AbstractGenerator AND  !UndoRedoGuiBase AND  ModelBase AND  PopUpMenu AND  !UndoRedo) AND (!UndoRedoGenerator AND  GuiBase AND  AbstractGenerator AND  ModelBase AND  PopUpMenu) AND (!UndoRedoGenerator AND  !UndoRedoGuiBase AND  !UndoRedoTest AND  PopUpMenu AND  !UndoRedo) AND (!UndoRedoGenerator AND  AbstractGenerator AND  !UndoRedoGuiBase AND  ModelBase AND  PopUpMenu) AND (!UndoRedoGuiBase AND  !UndoRedoTest AND  ModelBase AND  PopUpMenu AND  !UndoRedo) AND (!UndoRedoGenerator AND  AbstractGenerator AND  !UndoRedoTest AND  PopUpMenu AND  !UndoRedo) AND (!UndoRedoGenerator AND  AbstractGenerator AND  !UndoRedoTest AND  ModelBase AND  PopUpMenu) AND (!UndoRedoGenerator AND  AbstractGenerator AND  !UndoRedoGuiBase AND  PopUpMenu AND  !UndoRedo) AND (GuiBase AND  AbstractGenerator AND  ModelBase AND  PopUpMenu AND  !UndoRedo) AND (!UndoRedoGenerator AND  GuiBase AND  ModelBase AND  PopUpMenu AND  !UndoRedo) AND (GuiBase AND  !UndoRedoTest AND  ModelBase AND  PopUpMenu AND  !UndoRedo) AND (AbstractGenerator AND  !UndoRedoTest AND  ModelBase AND  PopUpMenu AND  !UndoRedo) AND (!UndoRedoGenerator AND  !UndoRedoGuiBase AND  ModelBase AND  PopUpMenu AND  !UndoRedo) AND (!UndoRedoGenerator AND  AbstractGenerator AND  ModelBase AND  PopUpMenu AND  !UndoRedo) AND (!UndoRedoGenerator AND  GuiBase AND  !UndoRedoTest AND  PopUpMenu AND  !UndoRedo) AND (!UndoRedoGenerator AND  GuiBase AND  AbstractGenerator AND  !UndoRedoGuiBase AND  PopUpMenu) AND (GuiBase AND  AbstractGenerator AND  !UndoRedoGuiBase AND  !UndoRedoTest AND  PopUpMenu) AND (!UndoRedoGenerator AND  !UndoRedoGuiBase AND  !UndoRedoTest AND  ModelBase AND  PopUpMenu) AND (!UndoRedoGenerator AND  GuiBase AND  AbstractGenerator AND  !UndoRedoTest AND  PopUpMenu) AND (AbstractGenerator AND  !UndoRedoGuiBase AND  !UndoRedoTest AND  ModelBase AND  PopUpMenu) AND (!UndoRedoGenerator AND  AbstractGenerator AND  !UndoRedoGuiBase AND  !UndoRedoTest AND  PopUpMenu) AND (GuiBase AND  AbstractGenerator AND  !UndoRedoGuiBase AND  PopUpMenu AND  !UndoRedo) AND (GuiBase AND  AbstractGenerator AND  !UndoRedoTest AND  ModelBase AND  PopUpMenu) AND (GuiBase AND  AbstractGenerator AND  !UndoRedoGuiBase AND  ModelBase AND  PopUpMenu) AND (AbstractGenerator AND  !UndoRedoGuiBase AND  !UndoRedoTest AND  PopUpMenu AND  !UndoRedo) AND (!UndoRedoGenerator AND  GuiBase AND  !UndoRedoGuiBase AND  ModelBase AND  PopUpMenu) AND (GuiBase AND  !UndoRedoGuiBase AND  !UndoRedoTest AND  PopUpMenu AND  !UndoRedo) AND (!UndoRedoGenerator AND  GuiBase AND  !UndoRedoGuiBase AND  !UndoRedoTest AND  PopUpMenu) AND (!UndoRedoGenerator AND  GuiBase AND  !UndoRedoTest AND  ModelBase AND  PopUpMenu) AND (!UndoRedoGenerator AND  GuiBase AND  !UndoRedoGuiBase AND  PopUpMenu AND  !UndoRedo) AND (GuiBase AND  !UndoRedoGuiBase AND  ModelBase AND  PopUpMenu AND  !UndoRedo) AND (GuiBase AND  !UndoRedoGuiBase AND  !UndoRedoTest AND  ModelBase AND  PopUpMenu) AND (GuiBase AND  AbstractGenerator AND  !UndoRedoTest AND  PopUpMenu AND  !UndoRedo) AND (!UndoRedoGenerator AND  !UndoRedoTest AND  ModelBase AND  PopUpMenu AND  !UndoRedo)" to="(GuiBase) AND (ModelBase) AND (GuiBase AND  ModelBase)" weight="81" />
	<dependency from="(RandomGenerator) AND (RandomGenerator AND  !UndoRedoTest) AND (GuiBase AND  RandomGenerator) AND (AbstractGenerator AND  RandomGenerator) AND (RandomGenerator AND  ModelBase) AND (GuiBase AND  RandomGenerator AND  ModelBase) AND (AbstractGenerator AND  RandomGenerator AND  !UndoRedoTest) AND (GuiBase AND  AbstractGenerator AND  RandomGenerator) AND (GuiBase AND  RandomGenerator AND  !UndoRedoTest) AND (AbstractGenerator AND  RandomGenerator AND  ModelBase) AND (RandomGenerator AND  !UndoRedoTest AND  ModelBase) AND (GuiBase AND  RandomGenerator AND  !UndoRedoTest AND  ModelBase) AND (GuiBase AND  AbstractGenerator AND  RandomGenerator AND  ModelBase) AND (GuiBase AND  AbstractGenerator AND  RandomGenerator AND  !UndoRedoTest) AND (AbstractGenerator AND  RandomGenerator AND  !UndoRedoTest AND  ModelBase) AND (GuiBase AND  AbstractGenerator AND  RandomGenerator AND  !UndoRedoTest AND  ModelBase)" to="(AbstractGenerator) AND (GuiBase AND  AbstractGenerator) AND (AbstractGenerator AND  ModelBase) AND (GuiBase AND  AbstractGenerator AND  ModelBase)" weight="1" />
	<dependency from="(RandomGenerator) AND (RandomGenerator AND  !UndoRedoTest) AND (GuiBase AND  RandomGenerator) AND (AbstractGenerator AND  RandomGenerator) AND (RandomGenerator AND  ModelBase) AND (GuiBase AND  RandomGenerator AND  ModelBase) AND (AbstractGenerator AND  RandomGenerator AND  !UndoRedoTest) AND (GuiBase AND  AbstractGenerator AND  RandomGenerator) AND (GuiBase AND  RandomGenerator AND  !UndoRedoTest) AND (AbstractGenerator AND  RandomGenerator AND  ModelBase) AND (RandomGenerator AND  !UndoRedoTest AND  ModelBase) AND (GuiBase AND  RandomGenerator AND  !UndoRedoTest AND  ModelBase) AND (GuiBase AND  AbstractGenerator AND  RandomGenerator AND  ModelBase) AND (GuiBase AND  AbstractGenerator AND  RandomGenerator AND  !UndoRedoTest) AND (AbstractGenerator AND  RandomGenerator AND  !UndoRedoTest AND  ModelBase) AND (GuiBase AND  AbstractGenerator AND  RandomGenerator AND  !UndoRedoTest AND  ModelBase)" to="(GuiBase) AND (ModelBase) AND (GuiBase AND  ModelBase)" weight="16" />
	<dependency from="(Test) AND (ModelBase AND  Test) AND (AbstractGenerator AND  Test) AND (GuiBase AND  Test) AND (GuiBase AND  ModelBase AND  Test) AND (GuiBase AND  AbstractGenerator AND  Test) AND (AbstractGenerator AND  ModelBase AND  Test) AND (GuiBase AND  AbstractGenerator AND  ModelBase AND  Test)" to="(GuiBase) AND (ModelBase) AND (GuiBase AND  ModelBase)" weight="34" />
	<dependency from="(FormGenerator) AND (FormGenerator AND  AbstractGenerator) AND (FormGenerator AND  GuiBase) AND (FormGenerator AND  ModelBase) AND (FormGenerator AND  GuiBase AND  ModelBase) AND (FormGenerator AND  AbstractGenerator AND  ModelBase) AND (FormGenerator AND  GuiBase AND  AbstractGenerator) AND (FormGenerator AND  GuiBase AND  AbstractGenerator AND  ModelBase)" to="(AbstractGenerator) AND (GuiBase AND  AbstractGenerator) AND (AbstractGenerator AND  ModelBase) AND (GuiBase AND  AbstractGenerator AND  ModelBase)" weight="1" />
	<dependency from="(FormGenerator) AND (FormGenerator AND  AbstractGenerator) AND (FormGenerator AND  GuiBase) AND (FormGenerator AND  ModelBase) AND (FormGenerator AND  GuiBase AND  ModelBase) AND (FormGenerator AND  AbstractGenerator AND  ModelBase) AND (FormGenerator AND  GuiBase AND  AbstractGenerator) AND (FormGenerator AND  GuiBase AND  AbstractGenerator AND  ModelBase)" to="(GuiBase) AND (ModelBase) AND (GuiBase AND  ModelBase)" weight="28" />
	<dependency from="(GuiBase) AND (ModelBase) AND (GuiBase AND  ModelBase)" to="(AbstractGenerator) AND (GuiBase AND  AbstractGenerator) AND (AbstractGenerator AND  ModelBase) AND (GuiBase AND  AbstractGenerator AND  ModelBase)" weight="4" />
	<dependency from="(GuiBase) AND (ModelBase) AND (GuiBase AND  ModelBase)" to="(RandomGenerator) AND (RandomGenerator AND  !UndoRedoTest) AND (GuiBase AND  RandomGenerator) AND (AbstractGenerator AND  RandomGenerator) AND (RandomGenerator AND  ModelBase) AND (GuiBase AND  RandomGenerator AND  ModelBase) AND (AbstractGenerator AND  RandomGenerator AND  !UndoRedoTest) AND (GuiBase AND  AbstractGenerator AND  RandomGenerator) AND (GuiBase AND  RandomGenerator AND  !UndoRedoTest) AND (AbstractGenerator AND  RandomGenerator AND  ModelBase) AND (RandomGenerator AND  !UndoRedoTest AND  ModelBase) AND (GuiBase AND  RandomGenerator AND  !UndoRedoTest AND  ModelBase) AND (GuiBase AND  AbstractGenerator AND  RandomGenerator AND  ModelBase) AND (GuiBase AND  AbstractGenerator AND  RandomGenerator AND  !UndoRedoTest) AND (AbstractGenerator AND  RandomGenerator AND  !UndoRedoTest AND  ModelBase) AND (GuiBase AND  AbstractGenerator AND  RandomGenerator AND  !UndoRedoTest AND  ModelBase)" weight="1" />
	<dependency from="(GuiBase) AND (ModelBase) AND (GuiBase AND  ModelBase)" to="(FormGenerator) AND (FormGenerator AND  AbstractGenerator) AND (FormGenerator AND  GuiBase) AND (FormGenerator AND  ModelBase) AND (FormGenerator AND  GuiBase AND  ModelBase) AND (FormGenerator AND  AbstractGenerator AND  ModelBase) AND (FormGenerator AND  GuiBase AND  AbstractGenerator) AND (FormGenerator AND  GuiBase AND  AbstractGenerator AND  ModelBase)" weight="1" />
	<dependency from="(AbstractGenerator) AND (GuiBase AND  AbstractGenerator) AND (AbstractGenerator AND  ModelBase) AND (GuiBase AND  AbstractGenerator AND  ModelBase)" to="(GuiBase) AND (ModelBase) AND (GuiBase AND  ModelBase)" weight="65" />
	<dependency from="(UndoRedoGuiBase) AND (UndoRedo) AND (UndoRedoGenerator) AND (UndoRedoGenerator AND  UndoRedo) AND (UndoRedoGenerator AND  AbstractGenerator) AND (ModelBase AND  UndoRedo) AND (AbstractGenerator AND  UndoRedo) AND (UndoRedoGenerator AND  UndoRedoGuiBase) AND (AbstractGenerator AND  UndoRedoGuiBase) AND (GuiBase AND  UndoRedo) AND (UndoRedoGuiBase AND  ModelBase) AND (GuiBase AND  UndoRedoGuiBase) AND (UndoRedoGuiBase AND  UndoRedo) AND (UndoRedoGenerator AND  ModelBase) AND (UndoRedoGenerator AND  GuiBase) AND (UndoRedoGenerator AND  UndoRedoGuiBase AND  ModelBase) AND (GuiBase AND  ModelBase AND  UndoRedo) AND (UndoRedoGenerator AND  GuiBase AND  ModelBase) AND (GuiBase AND  UndoRedoGuiBase AND  UndoRedo) AND (UndoRedoGuiBase AND  ModelBase AND  UndoRedo) AND (GuiBase AND  AbstractGenerator AND  UndoRedoGuiBase) AND (UndoRedoGenerator AND  ModelBase AND  UndoRedo) AND (UndoRedoGenerator AND  GuiBase AND  UndoRedoGuiBase) AND (UndoRedoGenerator AND  GuiBase AND  UndoRedo) AND (UndoRedoGenerator AND  AbstractGenerator AND  ModelBase) AND (UndoRedoGenerator AND  AbstractGenerator AND  UndoRedoGuiBase) AND (GuiBase AND  AbstractGenerator AND  UndoRedo) AND (UndoRedoGenerator AND  AbstractGenerator AND  UndoRedo) AND (AbstractGenerator AND  UndoRedoGuiBase AND  ModelBase) AND (AbstractGenerator AND  ModelBase AND  UndoRedo) AND (GuiBase AND  UndoRedoGuiBase AND  ModelBase) AND (UndoRedoGenerator AND  UndoRedoGuiBase AND  UndoRedo) AND (AbstractGenerator AND  UndoRedoGuiBase AND  UndoRedo) AND (UndoRedoGenerator AND  GuiBase AND  AbstractGenerator) AND (UndoRedoGenerator AND  AbstractGenerator AND  ModelBase AND  UndoRedo) AND (UndoRedoGenerator AND  AbstractGenerator AND  UndoRedoGuiBase AND  UndoRedo) AND (AbstractGenerator AND  UndoRedoGuiBase AND  ModelBase AND  UndoRedo) AND (UndoRedoGenerator AND  GuiBase AND  UndoRedoGuiBase AND  ModelBase) AND (GuiBase AND  UndoRedoGuiBase AND  ModelBase AND  UndoRedo) AND (UndoRedoGenerator AND  GuiBase AND  AbstractGenerator AND  UndoRedo) AND (UndoRedoGenerator AND  AbstractGenerator AND  UndoRedoGuiBase AND  ModelBase) AND (UndoRedoGenerator AND  GuiBase AND  AbstractGenerator AND  UndoRedoGuiBase) AND (UndoRedoGenerator AND  UndoRedoGuiBase AND  ModelBase AND  UndoRedo) AND (GuiBase AND  AbstractGenerator AND  UndoRedoGuiBase AND  ModelBase) AND (UndoRedoGenerator AND  GuiBase AND  AbstractGenerator AND  ModelBase) AND (UndoRedoGenerator AND  GuiBase AND  ModelBase AND  UndoRedo) AND (GuiBase AND  AbstractGenerator AND  UndoRedoGuiBase AND  UndoRedo) AND (GuiBase AND  AbstractGenerator AND  ModelBase AND  UndoRedo) AND (UndoRedoGenerator AND  GuiBase AND  UndoRedoGuiBase AND  UndoRedo) AND (GuiBase AND  AbstractGenerator AND  UndoRedoGuiBase AND  ModelBase AND  UndoRedo) AND (UndoRedoGenerator AND  GuiBase AND  AbstractGenerator AND  ModelBase AND  UndoRedo) AND (UndoRedoGenerator AND  GuiBase AND  AbstractGenerator AND  UndoRedoGuiBase AND  ModelBase) AND (UndoRedoGenerator AND  GuiBase AND  UndoRedoGuiBase AND  ModelBase AND  UndoRedo) AND (UndoRedoGenerator AND  AbstractGenerator AND  UndoRedoGuiBase AND  ModelBase AND  UndoRedo) AND (UndoRedoGenerator AND  GuiBase AND  AbstractGenerator AND  UndoRedoGuiBase AND  UndoRedo) AND d^5(UndoRedoGenerator AND  GuiBase AND  AbstractGenerator AND  UndoRedoGuiBase AND  ModelBase AND  UndoRedo)" to="(GuiBase) AND (ModelBase) AND (GuiBase AND  ModelBase)" weight="52" />
</dependencies>
</feature_model>
