<feature_model name="MMv2">
<meta>
<data name="description">Mobile Media V2</data>
<data name="creator">Wesley K. G. Assuncao</data>
<data name="email">wesleyk@inf.ufpr.br</data>
<data name="date">13.02.2017</data>
<data name="organization">UFPR - Brazil</data>
</meta>
<feature_tree>
</feature_tree>
<constraints>
</constraints>
<dependencies>
	<dependency from="(includeSorting) AND (includeSorting AND  device_screen_132x176) AND (includeSorting AND  MobileMedia) AND (includeSorting AND  includePhoto) AND (includeSorting AND  MobileMedia AND  device_screen_132x176) AND (includeSorting AND  includePhoto AND  MobileMedia) AND (includeSorting AND  includePhoto AND  device_screen_132x176) AND (includeSorting AND  includePhoto AND  MobileMedia AND  device_screen_132x176)" to="(includePhoto) AND (MobileMedia) AND (includePhoto AND  MobileMedia)" weight="41" />
</dependencies>
</feature_model>
