<feature_model name="MMv3">
<meta>
<data name="description">Mobile Media V3</data>
<data name="creator">Wesley K. G. Assuncao</data>
<data name="email">wesleyk@inf.ufpr.br</data>
<data name="date">13.02.2017</data>
<data name="organization">UFPR - Brazil</data>
</meta>
<feature_tree>
</feature_tree>
<constraints>
</constraints>
<dependencies>
	<dependency from="(includeFavourites) AND (includeFavourites AND  MobileMedia) AND (includePhoto AND  includeFavourites) AND (!includeSorting AND  includeFavourites) AND (includePhoto AND  includeFavourites AND  MobileMedia) AND (!includeSorting AND  includeFavourites AND  MobileMedia) AND (!includeSorting AND  includePhoto AND  includeFavourites) AND (!includeSorting AND  includePhoto AND  includeFavourites AND  MobileMedia)" to="(includePhoto) AND (MobileMedia) AND (includePhoto AND  MobileMedia)" weight="24" />
	<dependency from="(includeSorting) AND (includeSorting AND  MobileMedia) AND (includeSorting AND  includePhoto) AND (includeSorting AND  includePhoto AND  MobileMedia)" to="(includePhoto) AND (MobileMedia) AND (includePhoto AND  MobileMedia)" weight="41" />
</dependencies>
</feature_model>
