<feature_model name="MMv4">
<meta>
<data name="description">Mobile Media V4</data>
<data name="creator">Wesley K. G. Assuncao</data>
<data name="email">wesleyk@inf.ufpr.br</data>
<data name="date">13.02.2017</data>
<data name="organization">UFPR - Brazil</data>
</meta>
<feature_tree>
</feature_tree>
<constraints>
</constraints>
<dependencies>
	<dependency from="(includeCopyMedia) AND (includeCopyMedia AND  MobileMedia) AND (includePhoto AND  includeCopyMedia) AND (!includeSorting AND  includeCopyMedia) AND (!includeFavourites AND  includeCopyMedia) AND (!includeSorting AND  !includeFavourites AND  includeCopyMedia) AND (!includeSorting AND  includePhoto AND  includeCopyMedia) AND (includePhoto AND  includeCopyMedia AND  MobileMedia) AND (!includeSorting AND  includeCopyMedia AND  MobileMedia) AND (!includeFavourites AND  includePhoto AND  includeCopyMedia) AND (!includeFavourites AND  includeCopyMedia AND  MobileMedia) AND (!includeSorting AND  includePhoto AND  includeCopyMedia AND  MobileMedia) AND (!includeFavourites AND  includePhoto AND  includeCopyMedia AND  MobileMedia) AND (!includeSorting AND  !includeFavourites AND  includePhoto AND  includeCopyMedia) AND (!includeSorting AND  !includeFavourites AND  includeCopyMedia AND  MobileMedia) AND (!includeSorting AND  !includeFavourites AND  includePhoto AND  includeCopyMedia AND  MobileMedia)" to="(includePhoto) AND (MobileMedia) AND (includePhoto AND  MobileMedia)" weight="62" />
	<dependency from="(includeFavourites) AND (includeFavourites AND  MobileMedia) AND (includePhoto AND  includeFavourites) AND (!includeSorting AND  includeFavourites) AND (includePhoto AND  includeFavourites AND  MobileMedia) AND (!includeSorting AND  includeFavourites AND  MobileMedia) AND (!includeSorting AND  includePhoto AND  includeFavourites) AND (!includeSorting AND  includePhoto AND  includeFavourites AND  MobileMedia)" to="(includePhoto) AND (MobileMedia) AND (includePhoto AND  MobileMedia)" weight="24" />
	<dependency from="(includeCopyMedia) OR (!includeCopyMedia AND  device_screen_128x149) OR (includeCopyMedia AND  device_screen_128x149) OR (!device_screen_128x149 AND  device_screen_132x176) OR (!device_screen_176x205 AND  MobileMedia) OR (includeSorting AND  device_screen_128x149) OR (!includeFavourites AND  device_screen_128x149) OR (!device_screen_176x205 AND  device_screen_128x149) OR (!includeFavourites AND  includePhoto) OR (includeCopyMedia AND  MobileMedia) OR (!includeCopyMedia AND  MobileMedia) OR (!includeSorting AND  device_screen_132x176) OR (includePhoto AND  includeCopyMedia) OR (includePhoto AND  !includeCopyMedia) OR (!device_screen_128x149 AND  MobileMedia) OR (!includeFavourites AND  includeCopyMedia) OR (includeFavourites AND  device_screen_176x205) OR (!includeFavourites AND  device_screen_176x205) OR (!includeSorting AND  device_screen_176x205) OR (!device_screen_176x205 AND  device_screen_132x176) OR (includeCopyMedia AND  device_screen_132x176) OR (!includeCopyMedia AND  device_screen_132x176) OR (includePhoto AND  !device_screen_176x205) OR (!includeFavourites AND  device_screen_132x176) OR (includePhoto AND  !device_screen_128x149) OR (includeFavourites AND  device_screen_132x176) OR (!includeFavourites AND  MobileMedia) OR (includeCopyMedia AND  device_screen_176x205) OR (!includeCopyMedia AND  device_screen_176x205) OR (!includeSorting AND  includeCopyMedia) OR (!includeSorting AND  !device_screen_176x205 AND  MobileMedia) OR (!includeSorting AND  device_screen_176x205 AND  MobileMedia) OR (includePhoto AND  !includeCopyMedia AND  device_screen_128x149) OR (includePhoto AND  !includeCopyMedia AND  !device_screen_128x149) OR (!includeSorting AND  !includeFavourites AND  device_screen_128x149) OR (includePhoto AND  includeCopyMedia AND  device_screen_128x149) OR (includeFavourites AND  device_screen_176x205 AND  MobileMedia) OR (!includeFavourites AND  device_screen_176x205 AND  MobileMedia) OR (!includeFavourites AND  !device_screen_176x205 AND  MobileMedia) OR (includePhoto AND  !device_screen_128x149 AND  device_screen_132x176) OR (!includeSorting AND  !device_screen_128x149 AND  device_screen_132x176) OR (!includeSorting AND  !includeCopyMedia AND  device_screen_128x149) OR (!includeSorting AND  includeCopyMedia AND  device_screen_128x149) OR (includeCopyMedia AND  device_screen_176x205 AND  MobileMedia) OR (!includeCopyMedia AND  device_screen_176x205 AND  MobileMedia) OR (!includeCopyMedia AND  !device_screen_176x205 AND  MobileMedia) OR (!includeSorting AND  includeCopyMedia AND  MobileMedia) OR (!includeSorting AND  !includeCopyMedia AND  MobileMedia) OR (!device_screen_176x205 AND  MobileMedia AND  device_screen_132x176) OR (!includeFavourites AND  !device_screen_128x149 AND  device_screen_132x176) OR (!includeSorting AND  !includeFavourites AND  includePhoto) OR (!includeFavourites AND  !includeCopyMedia AND  device_screen_128x149) OR (!includeFavourites AND  includeCopyMedia AND  device_screen_128x149) OR (!includeCopyMedia AND  MobileMedia AND  device_screen_132x176) OR (includeCopyMedia AND  MobileMedia AND  device_screen_132x176) OR (!includeFavourites AND  !includeCopyMedia AND  device_screen_176x205) OR (!includeFavourites AND  includeCopyMedia AND  device_screen_176x205) OR (!includeFavourites AND  includePhoto AND  device_screen_132x176) OR (includePhoto AND  includeFavourites AND  device_screen_132x176) OR (includePhoto AND  !device_screen_128x149 AND  MobileMedia) OR (includeFavourites AND  MobileMedia AND  device_screen_132x176) OR (!includeFavourites AND  MobileMedia AND  device_screen_132x176) OR (!includeSorting AND  includePhoto AND  includeCopyMedia) OR (!includeSorting AND  includePhoto AND  !includeCopyMedia) OR (!device_screen_176x205 AND  !device_screen_128x149 AND  MobileMedia) OR (!device_screen_176x205 AND  MobileMedia AND  device_screen_128x149) OR (!includeCopyMedia AND  !device_screen_176x205 AND  device_screen_132x176) OR (!includeCopyMedia AND  !device_screen_128x149 AND  device_screen_132x176) OR (!includeSorting AND  !device_screen_176x205 AND  device_screen_132x176) OR (!includeSorting AND  includeFavourites AND  device_screen_176x205) OR (!includeSorting AND  !includeFavourites AND  device_screen_176x205) OR (!includeSorting AND  !includeFavourites AND  includeCopyMedia) OR (!includeFavourites AND  includePhoto AND  device_screen_128x149) OR (!includeFavourites AND  includePhoto AND  !device_screen_128x149) OR (!includeFavourites AND  !includeCopyMedia AND  device_screen_132x176) OR (!includeFavourites AND  includeCopyMedia AND  device_screen_132x176) OR (includePhoto AND  includeFavourites AND  device_screen_176x205) OR (!includeFavourites AND  includePhoto AND  device_screen_176x205) OR (!includeSorting AND  includeCopyMedia AND  device_screen_132x176) OR (!includeSorting AND  includePhoto AND  device_screen_176x205) OR (!includeSorting AND  includePhoto AND  !device_screen_176x205) OR (includeCopyMedia AND  MobileMedia AND  device_screen_128x149) OR (!includeCopyMedia AND  MobileMedia AND  device_screen_128x149) OR (!includeCopyMedia AND  !device_screen_128x149 AND  MobileMedia) OR (includePhoto AND  !device_screen_176x205 AND  device_screen_132x176) OR (!includeSorting AND  !includeCopyMedia AND  device_screen_132x176) OR (!includeFavourites AND  includePhoto AND  MobileMedia) OR (includeSorting AND  MobileMedia AND  device_screen_128x149) OR (!includeSorting AND  !device_screen_128x149 AND  MobileMedia) OR (includePhoto AND  !includeCopyMedia AND  device_screen_176x205) OR (includePhoto AND  !includeCopyMedia AND  !device_screen_176x205) OR (includePhoto AND  includeCopyMedia AND  device_screen_176x205) OR (!device_screen_176x205 AND  !device_screen_128x149 AND  device_screen_132x176) OR (!includeFavourites AND  !device_screen_128x149 AND  MobileMedia) OR (!includeFavourites AND  includePhoto AND  includeCopyMedia) OR (!includeFavourites AND  includePhoto AND  !includeCopyMedia) OR (!includeFavourites AND  MobileMedia AND  device_screen_128x149) OR (!includeFavourites AND  !device_screen_176x205 AND  device_screen_128x149) OR (!includeCopyMedia AND  !device_screen_176x205 AND  device_screen_128x149) OR (!includeSorting AND  !device_screen_176x205 AND  device_screen_128x149) OR (!includeFavourites AND  includePhoto AND  !device_screen_176x205) OR (!includeSorting AND  MobileMedia AND  device_screen_132x176) OR (includePhoto AND  !includeCopyMedia AND  MobileMedia) OR (includePhoto AND  includeCopyMedia AND  MobileMedia) OR (!includeSorting AND  includePhoto AND  device_screen_132x176) OR (!includeSorting AND  !includeCopyMedia AND  device_screen_176x205) OR (!includeSorting AND  includeCopyMedia AND  device_screen_176x205) OR (!includeSorting AND  !includeFavourites AND  MobileMedia) OR (!includeFavourites AND  !includeCopyMedia AND  MobileMedia) OR (!includeFavourites AND  includeCopyMedia AND  MobileMedia) OR (includeSorting AND  includePhoto AND  device_screen_128x149) OR (!includeFavourites AND  !device_screen_176x205 AND  device_screen_132x176) OR (includePhoto AND  !device_screen_176x205 AND  !device_screen_128x149) OR (includePhoto AND  !device_screen_176x205 AND  device_screen_128x149) OR (includePhoto AND  !device_screen_176x205 AND  MobileMedia) OR (!includeSorting AND  includePhoto AND  !device_screen_128x149) OR (!includeSorting AND  includeFavourites AND  device_screen_132x176) OR (!includeSorting AND  !includeFavourites AND  device_screen_132x176) OR (includePhoto AND  !includeCopyMedia AND  device_screen_132x176) OR (includePhoto AND  includeCopyMedia AND  device_screen_132x176) OR (!device_screen_128x149 AND  MobileMedia AND  device_screen_132x176) OR (!includeFavourites AND  includePhoto AND  device_screen_176x205 AND  MobileMedia) OR (includePhoto AND  includeFavourites AND  device_screen_176x205 AND  MobileMedia) OR (!includeFavourites AND  includePhoto AND  !device_screen_176x205 AND  MobileMedia) OR (!includeFavourites AND  !includeCopyMedia AND  MobileMedia AND  device_screen_132x176) OR (!includeSorting AND  !includeCopyMedia AND  MobileMedia AND  device_screen_132x176) OR (!includeFavourites AND  includeCopyMedia AND  MobileMedia AND  device_screen_132x176) OR (!includeSorting AND  includeCopyMedia AND  MobileMedia AND  device_screen_132x176) OR (!includeSorting AND  includePhoto AND  !device_screen_128x149 AND  device_screen_132x176) OR (!includeSorting AND  !includeFavourites AND  includePhoto AND  device_screen_128x149) OR (!includeSorting AND  !includeFavourites AND  includePhoto AND  !device_screen_128x149) OR (!includeSorting AND  includePhoto AND  device_screen_176x205 AND  MobileMedia) OR (!includeSorting AND  includePhoto AND  !device_screen_176x205 AND  MobileMedia) OR (!includeCopyMedia AND  !device_screen_176x205 AND  MobileMedia AND  device_screen_128x149) OR (!includeCopyMedia AND  !device_screen_176x205 AND  !device_screen_128x149 AND  MobileMedia) OR (!includeFavourites AND  includePhoto AND  !device_screen_128x149 AND  device_screen_132x176) OR (!includeSorting AND  includePhoto AND  !includeCopyMedia AND  !device_screen_128x149) OR (!includeSorting AND  includePhoto AND  includeCopyMedia AND  device_screen_128x149) OR (!includeSorting AND  includePhoto AND  !includeCopyMedia AND  device_screen_128x149) OR (!includeSorting AND  !includeFavourites AND  includeCopyMedia AND  MobileMedia) OR (!includeSorting AND  !includeFavourites AND  !includeCopyMedia AND  MobileMedia) OR (!includeSorting AND  !includeCopyMedia AND  !device_screen_176x205 AND  device_screen_132x176) OR (!includeSorting AND  !device_screen_176x205 AND  MobileMedia AND  device_screen_132x176) OR (!includeFavourites AND  !device_screen_176x205 AND  MobileMedia AND  device_screen_132x176) OR (!includeSorting AND  !includeFavourites AND  MobileMedia AND  device_screen_132x176) OR (!includeSorting AND  includeFavourites AND  MobileMedia AND  device_screen_132x176) OR (includePhoto AND  !includeCopyMedia AND  !device_screen_128x149 AND  device_screen_132x176) OR (!includeSorting AND  !includeFavourites AND  !device_screen_128x149 AND  device_screen_132x176) OR (!includeSorting AND  !includeFavourites AND  includeCopyMedia AND  device_screen_128x149) OR (!includeSorting AND  !includeFavourites AND  !includeCopyMedia AND  device_screen_128x149) OR (!includeSorting AND  includePhoto AND  MobileMedia AND  device_screen_132x176) OR (!includeSorting AND  !includeCopyMedia AND  !device_screen_176x205 AND  MobileMedia) OR (!includeSorting AND  includeCopyMedia AND  device_screen_176x205 AND  MobileMedia) OR (!includeSorting AND  !includeCopyMedia AND  device_screen_176x205 AND  MobileMedia) OR (includePhoto AND  !device_screen_176x205 AND  !device_screen_128x149 AND  device_screen_132x176) OR (includePhoto AND  !device_screen_176x205 AND  MobileMedia AND  device_screen_128x149) OR (includePhoto AND  !device_screen_176x205 AND  !device_screen_128x149 AND  MobileMedia) OR (!includeSorting AND  includePhoto AND  !includeCopyMedia AND  !device_screen_176x205) OR (!includeSorting AND  !includeFavourites AND  includePhoto AND  MobileMedia) OR (!includeSorting AND  !device_screen_176x205 AND  !device_screen_128x149 AND  MobileMedia) OR (!includeSorting AND  !device_screen_176x205 AND  MobileMedia AND  device_screen_128x149) OR (!includeSorting AND  !includeCopyMedia AND  !device_screen_128x149 AND  device_screen_132x176) OR (!includeSorting AND  includePhoto AND  includeCopyMedia AND  device_screen_176x205) OR (!includeSorting AND  includePhoto AND  !includeCopyMedia AND  device_screen_176x205) OR (!includeSorting AND  !includeFavourites AND  includePhoto AND  device_screen_132x176) OR (!includeSorting AND  includePhoto AND  includeFavourites AND  device_screen_132x176) OR (!includeFavourites AND  includePhoto AND  !includeCopyMedia AND  !device_screen_128x149) OR (!includeSorting AND  includeCopyMedia AND  MobileMedia AND  device_screen_128x149) OR (!includeSorting AND  !includeCopyMedia AND  MobileMedia AND  device_screen_128x149) OR (!includeFavourites AND  includePhoto AND  includeCopyMedia AND  device_screen_128x149) OR (!includeSorting AND  !includeCopyMedia AND  !device_screen_128x149 AND  MobileMedia) OR (!includeFavourites AND  includePhoto AND  !includeCopyMedia AND  device_screen_128x149) OR (!includeFavourites AND  includePhoto AND  includeCopyMedia AND  MobileMedia) OR (!includeFavourites AND  includePhoto AND  !includeCopyMedia AND  MobileMedia) OR (includePhoto AND  includeCopyMedia AND  MobileMedia AND  device_screen_132x176) OR (includePhoto AND  !includeCopyMedia AND  MobileMedia AND  device_screen_132x176) OR (!includeFavourites AND  includePhoto AND  !device_screen_176x205 AND  !device_screen_128x149) OR (!includeFavourites AND  includePhoto AND  !device_screen_176x205 AND  device_screen_128x149) OR (!includeSorting AND  !includeFavourites AND  includeCopyMedia AND  device_screen_176x205) OR (includePhoto AND  !device_screen_176x205 AND  MobileMedia AND  device_screen_132x176) OR (!includeSorting AND  !includeFavourites AND  !includeCopyMedia AND  device_screen_176x205) OR (!includeFavourites AND  includePhoto AND  includeCopyMedia AND  device_screen_132x176) OR (includePhoto AND  !includeCopyMedia AND  !device_screen_128x149 AND  MobileMedia) OR (includePhoto AND  !includeCopyMedia AND  MobileMedia AND  device_screen_128x149) OR (includePhoto AND  includeCopyMedia AND  MobileMedia AND  device_screen_128x149) OR (!includeSorting AND  !includeFavourites AND  MobileMedia AND  device_screen_128x149) OR (!includeSorting AND  !includeFavourites AND  !device_screen_128x149 AND  MobileMedia) OR (!includeSorting AND  includePhoto AND  includeCopyMedia AND  device_screen_132x176) OR (!includeSorting AND  includePhoto AND  !includeCopyMedia AND  device_screen_132x176) OR (!includeSorting AND  !includeCopyMedia AND  !device_screen_176x205 AND  device_screen_128x149) OR (!includeFavourites AND  !device_screen_128x149 AND  MobileMedia AND  device_screen_132x176) OR (!includeSorting AND  !device_screen_176x205 AND  !device_screen_128x149 AND  device_screen_132x176) OR (!includeSorting AND  !includeFavourites AND  includeCopyMedia AND  device_screen_132x176) OR (!includeSorting AND  !includeFavourites AND  !includeCopyMedia AND  device_screen_132x176) OR (!includeFavourites AND  includePhoto AND  MobileMedia AND  device_screen_128x149) OR (!includeFavourites AND  includePhoto AND  !includeCopyMedia AND  device_screen_132x176) OR (!includeCopyMedia AND  !device_screen_176x205 AND  !device_screen_128x149 AND  device_screen_132x176) OR (!includeFavourites AND  includePhoto AND  !device_screen_128x149 AND  MobileMedia) OR (includeSorting AND  includePhoto AND  MobileMedia AND  device_screen_128x149) OR (!includeSorting AND  includePhoto AND  !device_screen_128x149 AND  MobileMedia) OR (!includeFavourites AND  includePhoto AND  !device_screen_176x205 AND  device_screen_132x176) OR (!includeSorting AND  !includeFavourites AND  !device_screen_176x205 AND  device_screen_128x149) OR (!includeSorting AND  !includeFavourites AND  includePhoto AND  includeCopyMedia) OR (!includeSorting AND  !includeFavourites AND  includePhoto AND  !includeCopyMedia) OR (includePhoto AND  !device_screen_128x149 AND  MobileMedia AND  device_screen_132x176) OR (!includeSorting AND  !includeFavourites AND  includePhoto AND  device_screen_176x205) OR (!includeSorting AND  !includeFavourites AND  includePhoto AND  !device_screen_176x205) OR (!includeFavourites AND  !device_screen_176x205 AND  !device_screen_128x149 AND  device_screen_132x176) OR (!includeSorting AND  includePhoto AND  includeFavourites AND  device_screen_176x205) OR (!includeFavourites AND  !includeCopyMedia AND  !device_screen_176x205 AND  device_screen_128x149) OR (!includeCopyMedia AND  !device_screen_176x205 AND  MobileMedia AND  device_screen_132x176) OR (!includeFavourites AND  includePhoto AND  MobileMedia AND  device_screen_132x176) OR (!includeFavourites AND  includeCopyMedia AND  device_screen_176x205 AND  MobileMedia) OR (!includeFavourites AND  !includeCopyMedia AND  device_screen_176x205 AND  MobileMedia) OR (includePhoto AND  includeFavourites AND  MobileMedia AND  device_screen_132x176) OR (!includeFavourites AND  !includeCopyMedia AND  !device_screen_176x205 AND  MobileMedia) OR (!includeFavourites AND  includePhoto AND  !includeCopyMedia AND  !device_screen_176x205) OR (!includeFavourites AND  !includeCopyMedia AND  !device_screen_128x149 AND  device_screen_132x176) OR (!includeFavourites AND  includePhoto AND  includeCopyMedia AND  device_screen_176x205) OR (!includeFavourites AND  includePhoto AND  !includeCopyMedia AND  device_screen_176x205) OR (includePhoto AND  !includeCopyMedia AND  !device_screen_176x205 AND  device_screen_132x176) OR (!includeSorting AND  includePhoto AND  !device_screen_176x205 AND  device_screen_128x149) OR (!includeSorting AND  includePhoto AND  !device_screen_176x205 AND  !device_screen_128x149) OR (!includeSorting AND  !includeFavourites AND  !device_screen_176x205 AND  device_screen_132x176) OR (!includeFavourites AND  !device_screen_176x205 AND  MobileMedia AND  device_screen_128x149) OR (!includeFavourites AND  !device_screen_176x205 AND  !device_screen_128x149 AND  MobileMedia) OR (!includeFavourites AND  includeCopyMedia AND  MobileMedia AND  device_screen_128x149) OR (!includeFavourites AND  !includeCopyMedia AND  MobileMedia AND  device_screen_128x149) OR (!includeFavourites AND  !includeCopyMedia AND  !device_screen_128x149 AND  MobileMedia) OR (includePhoto AND  !includeCopyMedia AND  !device_screen_176x205 AND  MobileMedia) OR (includePhoto AND  !includeCopyMedia AND  device_screen_176x205 AND  MobileMedia) OR (!includeSorting AND  includeFavourites AND  device_screen_176x205 AND  MobileMedia) OR (!includeSorting AND  includePhoto AND  !device_screen_176x205 AND  device_screen_132x176) OR (includePhoto AND  includeCopyMedia AND  device_screen_176x205 AND  MobileMedia) OR (!includeSorting AND  !includeFavourites AND  device_screen_176x205 AND  MobileMedia) OR (!includeSorting AND  !includeFavourites AND  !device_screen_176x205 AND  MobileMedia) OR (!device_screen_176x205 AND  !device_screen_128x149 AND  MobileMedia AND  device_screen_132x176) OR (includePhoto AND  !includeCopyMedia AND  !device_screen_176x205 AND  device_screen_128x149) OR (includePhoto AND  !includeCopyMedia AND  !device_screen_176x205 AND  !device_screen_128x149) OR (!includeFavourites AND  !includeCopyMedia AND  !device_screen_176x205 AND  device_screen_132x176) OR (!includeSorting AND  includePhoto AND  includeCopyMedia AND  MobileMedia) OR (!includeSorting AND  includePhoto AND  !includeCopyMedia AND  MobileMedia) OR (!includeSorting AND  !device_screen_128x149 AND  MobileMedia AND  device_screen_132x176) OR (!includeCopyMedia AND  !device_screen_128x149 AND  MobileMedia AND  device_screen_132x176) OR (!includeFavourites AND  includePhoto AND  includeCopyMedia AND  MobileMedia AND  device_screen_132x176) OR (!includeFavourites AND  includePhoto AND  !includeCopyMedia AND  MobileMedia AND  device_screen_132x176) OR (!includeSorting AND  !includeFavourites AND  !includeCopyMedia AND  !device_screen_176x205 AND  device_screen_132x176) OR (!includeSorting AND  includePhoto AND  !includeCopyMedia AND  MobileMedia AND  device_screen_132x176) OR (!includeSorting AND  !includeCopyMedia AND  !device_screen_176x205 AND  !device_screen_128x149 AND  MobileMedia) OR (!includeSorting AND  !includeCopyMedia AND  !device_screen_176x205 AND  MobileMedia AND  device_screen_128x149) OR (!includeSorting AND  includePhoto AND  includeCopyMedia AND  MobileMedia AND  device_screen_132x176) OR (!includeFavourites AND  !includeCopyMedia AND  !device_screen_176x205 AND  MobileMedia AND  device_screen_128x149) OR (!includeFavourites AND  !includeCopyMedia AND  !device_screen_176x205 AND  !device_screen_128x149 AND  MobileMedia) OR (!includeFavourites AND  !device_screen_176x205 AND  !device_screen_128x149 AND  MobileMedia AND  device_screen_132x176) OR (!includeSorting AND  !includeFavourites AND  includePhoto AND  !device_screen_176x205 AND  MobileMedia) OR (!includeSorting AND  !includeFavourites AND  includePhoto AND  device_screen_176x205 AND  MobileMedia) OR (!includeSorting AND  includePhoto AND  includeFavourites AND  device_screen_176x205 AND  MobileMedia) OR (!includeSorting AND  !includeFavourites AND  !device_screen_176x205 AND  MobileMedia AND  device_screen_128x149) OR (!includeSorting AND  !includeFavourites AND  !device_screen_176x205 AND  !device_screen_128x149 AND  MobileMedia) OR (!includeSorting AND  !includeFavourites AND  includePhoto AND  includeCopyMedia AND  device_screen_176x205) OR (!includeSorting AND  !includeFavourites AND  includePhoto AND  !includeCopyMedia AND  device_screen_176x205) OR (!includeSorting AND  !includeFavourites AND  includePhoto AND  !includeCopyMedia AND  !device_screen_176x205) OR (includePhoto AND  !includeCopyMedia AND  !device_screen_176x205 AND  !device_screen_128x149 AND  MobileMedia) OR (includePhoto AND  !includeCopyMedia AND  !device_screen_176x205 AND  MobileMedia AND  device_screen_128x149) OR (!includeSorting AND  !includeFavourites AND  !includeCopyMedia AND  MobileMedia AND  device_screen_132x176) OR (!includeSorting AND  !includeFavourites AND  includeCopyMedia AND  MobileMedia AND  device_screen_132x176) OR (includePhoto AND  !device_screen_176x205 AND  !device_screen_128x149 AND  MobileMedia AND  device_screen_132x176) OR (!includeSorting AND  includePhoto AND  !includeCopyMedia AND  !device_screen_128x149 AND  device_screen_132x176) OR (!includeFavourites AND  includePhoto AND  !includeCopyMedia AND  device_screen_176x205 AND  MobileMedia) OR (!includeFavourites AND  includePhoto AND  includeCopyMedia AND  device_screen_176x205 AND  MobileMedia) OR (!includeFavourites AND  includePhoto AND  !includeCopyMedia AND  !device_screen_176x205 AND  MobileMedia) OR (!includeSorting AND  !includeFavourites AND  includePhoto AND  includeCopyMedia AND  device_screen_128x149) OR (includePhoto AND  !includeCopyMedia AND  !device_screen_176x205 AND  MobileMedia AND  device_screen_132x176) OR (!includeSorting AND  includePhoto AND  !device_screen_176x205 AND  MobileMedia AND  device_screen_128x149) OR (!includeSorting AND  !includeFavourites AND  !device_screen_176x205 AND  MobileMedia AND  device_screen_132x176) OR (!includeSorting AND  includePhoto AND  !device_screen_176x205 AND  !device_screen_128x149 AND  MobileMedia) OR (!includeSorting AND  !includeFavourites AND  includePhoto AND  !includeCopyMedia AND  device_screen_128x149) OR (!includeSorting AND  !includeFavourites AND  includePhoto AND  !includeCopyMedia AND  !device_screen_128x149) OR (!includeSorting AND  !includeCopyMedia AND  !device_screen_176x205 AND  !device_screen_128x149 AND  device_screen_132x176) OR (!includeSorting AND  !includeFavourites AND  includePhoto AND  !device_screen_176x205 AND  device_screen_132x176) OR (!includeSorting AND  includePhoto AND  !device_screen_176x205 AND  MobileMedia AND  device_screen_132x176) OR (!includeFavourites AND  includePhoto AND  !includeCopyMedia AND  !device_screen_176x205 AND  device_screen_132x176) OR (!includeSorting AND  !includeFavourites AND  includePhoto AND  !device_screen_176x205 AND  device_screen_128x149) OR (!includeSorting AND  !includeFavourites AND  includePhoto AND  !device_screen_176x205 AND  !device_screen_128x149) OR (!includeSorting AND  !includeFavourites AND  includePhoto AND  !includeCopyMedia AND  MobileMedia) OR (!includeSorting AND  !includeFavourites AND  includePhoto AND  includeCopyMedia AND  MobileMedia) OR (!includeSorting AND  !includeFavourites AND  !device_screen_128x149 AND  MobileMedia AND  device_screen_132x176) OR (!includeFavourites AND  !includeCopyMedia AND  !device_screen_128x149 AND  MobileMedia AND  device_screen_132x176) OR (!includeSorting AND  includePhoto AND  !includeCopyMedia AND  !device_screen_176x205 AND  device_screen_128x149) OR (!includeSorting AND  includePhoto AND  !includeCopyMedia AND  !device_screen_176x205 AND  !device_screen_128x149) OR (!includeSorting AND  !includeFavourites AND  includePhoto AND  !device_screen_128x149 AND  MobileMedia) OR (!includeSorting AND  !includeFavourites AND  includePhoto AND  MobileMedia AND  device_screen_128x149) OR (!includeFavourites AND  includePhoto AND  !includeCopyMedia AND  !device_screen_176x205 AND  !device_screen_128x149) OR (!includeSorting AND  includePhoto AND  !device_screen_128x149 AND  MobileMedia AND  device_screen_132x176) OR (!includeFavourites AND  includePhoto AND  !includeCopyMedia AND  !device_screen_176x205 AND  device_screen_128x149) OR (!includeSorting AND  !includeFavourites AND  !device_screen_176x205 AND  !device_screen_128x149 AND  device_screen_132x176) OR (includePhoto AND  !includeCopyMedia AND  !device_screen_176x205 AND  !device_screen_128x149 AND  device_screen_132x176) OR (!includeSorting AND  !includeFavourites AND  includePhoto AND  !includeCopyMedia AND  device_screen_132x176) OR (!includeFavourites AND  includePhoto AND  !device_screen_176x205 AND  !device_screen_128x149 AND  device_screen_132x176) OR (!includeSorting AND  !includeFavourites AND  includePhoto AND  includeCopyMedia AND  device_screen_132x176) OR (!includeSorting AND  !includeFavourites AND  !includeCopyMedia AND  !device_screen_176x205 AND  device_screen_128x149) OR (!includeFavourites AND  includePhoto AND  !includeCopyMedia AND  !device_screen_128x149 AND  MobileMedia) OR (!includeFavourites AND  includePhoto AND  !includeCopyMedia AND  MobileMedia AND  device_screen_128x149) OR (!includeSorting AND  includePhoto AND  !includeCopyMedia AND  MobileMedia AND  device_screen_128x149) OR (!includeFavourites AND  includePhoto AND  includeCopyMedia AND  MobileMedia AND  device_screen_128x149) OR (!includeSorting AND  includePhoto AND  includeCopyMedia AND  MobileMedia AND  device_screen_128x149) OR (!includeSorting AND  !includeCopyMedia AND  !device_screen_176x205 AND  MobileMedia AND  device_screen_132x176) OR (!includeSorting AND  includePhoto AND  !includeCopyMedia AND  !device_screen_128x149 AND  MobileMedia) OR (!includeSorting AND  !includeFavourites AND  !includeCopyMedia AND  !device_screen_128x149 AND  device_screen_132x176) OR (!includeSorting AND  includePhoto AND  !device_screen_176x205 AND  !device_screen_128x149 AND  device_screen_132x176) OR (!includeFavourites AND  !includeCopyMedia AND  !device_screen_176x205 AND  MobileMedia AND  device_screen_132x176) OR (includePhoto AND  !includeCopyMedia AND  !device_screen_128x149 AND  MobileMedia AND  device_screen_132x176) OR (!includeFavourites AND  includePhoto AND  !device_screen_128x149 AND  MobileMedia AND  device_screen_132x176) OR (!includeSorting AND  !includeFavourites AND  includeCopyMedia AND  MobileMedia AND  device_screen_128x149) OR (!includeFavourites AND  !includeCopyMedia AND  !device_screen_176x205 AND  !device_screen_128x149 AND  device_screen_132x176) OR (!includeSorting AND  !includeFavourites AND  !includeCopyMedia AND  device_screen_176x205 AND  MobileMedia) OR (!includeSorting AND  !includeFavourites AND  !includeCopyMedia AND  !device_screen_176x205 AND  MobileMedia) OR (!includeSorting AND  !includeFavourites AND  includeCopyMedia AND  device_screen_176x205 AND  MobileMedia) OR (!includeFavourites AND  includePhoto AND  !includeCopyMedia AND  !device_screen_128x149 AND  device_screen_132x176) OR (!includeFavourites AND  includePhoto AND  !device_screen_176x205 AND  MobileMedia AND  device_screen_128x149) OR (!includeSorting AND  !includeFavourites AND  !includeCopyMedia AND  MobileMedia AND  device_screen_128x149) OR (!includeFavourites AND  includePhoto AND  !device_screen_176x205 AND  !device_screen_128x149 AND  MobileMedia) OR (!includeSorting AND  !includeFavourites AND  !includeCopyMedia AND  !device_screen_128x149 AND  MobileMedia) OR (!includeSorting AND  !includeFavourites AND  includePhoto AND  !device_screen_128x149 AND  device_screen_132x176) OR (!includeFavourites AND  includePhoto AND  !device_screen_176x205 AND  MobileMedia AND  device_screen_132x176) OR (!includeSorting AND  includePhoto AND  !includeCopyMedia AND  !device_screen_176x205 AND  device_screen_132x176) OR (!includeSorting AND  !device_screen_176x205 AND  !device_screen_128x149 AND  MobileMedia AND  device_screen_132x176) OR (!includeSorting AND  includePhoto AND  includeFavourites AND  MobileMedia AND  device_screen_132x176) OR (!includeSorting AND  !includeFavourites AND  includePhoto AND  MobileMedia AND  device_screen_132x176) OR (!includeSorting AND  includePhoto AND  !includeCopyMedia AND  !device_screen_176x205 AND  MobileMedia) OR (!includeSorting AND  includePhoto AND  !includeCopyMedia AND  device_screen_176x205 AND  MobileMedia) OR (!includeSorting AND  includePhoto AND  includeCopyMedia AND  device_screen_176x205 AND  MobileMedia) OR (!includeSorting AND  !includeCopyMedia AND  !device_screen_128x149 AND  MobileMedia AND  device_screen_132x176) OR (!includeCopyMedia AND  !device_screen_176x205 AND  !device_screen_128x149 AND  MobileMedia AND  device_screen_132x176)" to="(includePhoto) AND (MobileMedia) AND (includePhoto AND  MobileMedia)" weight="16" />
	<dependency from="(includeCopyMedia) OR (includeCopyMedia AND  MobileMedia) OR (includeSorting AND  device_screen_132x176) OR (includeSorting AND  device_screen_176x205) OR (includePhoto AND  includeCopyMedia) OR (includeCopyMedia AND  device_screen_128x149) OR (includeCopyMedia AND  device_screen_132x176) OR (includeCopyMedia AND  device_screen_176x205) OR (includeFavourites AND  device_screen_128x149) OR (!includeSorting AND  includeCopyMedia) OR (!includeFavourites AND  includeCopyMedia) OR (includeSorting AND  MobileMedia AND  device_screen_132x176) OR (!includeSorting AND  includeFavourites AND  device_screen_128x149) OR (!includeFavourites AND  includeCopyMedia AND  device_screen_132x176) OR (!includeFavourites AND  includeCopyMedia AND  device_screen_176x205) OR (includeSorting AND  device_screen_176x205 AND  MobileMedia) OR (!includeSorting AND  includeCopyMedia AND  device_screen_132x176) OR (includePhoto AND  includeCopyMedia AND  device_screen_128x149) OR (includePhoto AND  includeCopyMedia AND  MobileMedia) OR (includeSorting AND  includePhoto AND  device_screen_176x205) OR (!includeSorting AND  includeCopyMedia AND  device_screen_176x205) OR (includeSorting AND  includePhoto AND  device_screen_132x176) OR (!includeSorting AND  includePhoto AND  includeCopyMedia) OR (includeCopyMedia AND  MobileMedia AND  device_screen_128x149) OR (!includeFavourites AND  includeCopyMedia AND  MobileMedia) OR (!includeSorting AND  includeCopyMedia AND  device_screen_128x149) OR (includeCopyMedia AND  device_screen_176x205 AND  MobileMedia) OR (includePhoto AND  includeCopyMedia AND  device_screen_176x205) OR (!includeSorting AND  includeCopyMedia AND  MobileMedia) OR (!includeFavourites AND  includePhoto AND  includeCopyMedia) OR (includeFavourites AND  MobileMedia AND  device_screen_128x149) OR (includePhoto AND  includeCopyMedia AND  device_screen_132x176) OR (!includeSorting AND  !includeFavourites AND  includeCopyMedia) OR (includePhoto AND  includeFavourites AND  device_screen_128x149) OR (!includeFavourites AND  includeCopyMedia AND  device_screen_128x149) OR (includeCopyMedia AND  MobileMedia AND  device_screen_132x176) OR (!includeFavourites AND  includeCopyMedia AND  device_screen_176x205 AND  MobileMedia) OR (!includeFavourites AND  includePhoto AND  includeCopyMedia AND  device_screen_132x176) OR (includeSorting AND  includePhoto AND  MobileMedia AND  device_screen_132x176) OR (!includeFavourites AND  includeCopyMedia AND  MobileMedia AND  device_screen_132x176) OR (!includeSorting AND  includeCopyMedia AND  MobileMedia AND  device_screen_132x176) OR (!includeSorting AND  includeFavourites AND  MobileMedia AND  device_screen_128x149) OR (includePhoto AND  includeCopyMedia AND  MobileMedia AND  device_screen_128x149) OR (!includeSorting AND  includePhoto AND  includeFavourites AND  device_screen_128x149) OR (!includeSorting AND  includePhoto AND  includeCopyMedia AND  device_screen_132x176) OR (!includeFavourites AND  includePhoto AND  includeCopyMedia AND  device_screen_176x205) OR (!includeSorting AND  includeCopyMedia AND  device_screen_176x205 AND  MobileMedia) OR (includeSorting AND  includePhoto AND  device_screen_176x205 AND  MobileMedia) OR (!includeFavourites AND  includeCopyMedia AND  MobileMedia AND  device_screen_128x149) OR (!includeSorting AND  !includeFavourites AND  includeCopyMedia AND  device_screen_132x176) OR (includePhoto AND  includeFavourites AND  MobileMedia AND  device_screen_128x149) OR (!includeSorting AND  includePhoto AND  includeCopyMedia AND  device_screen_128x149) OR (!includeSorting AND  includePhoto AND  includeCopyMedia AND  device_screen_176x205) OR (!includeSorting AND  !includeFavourites AND  includeCopyMedia AND  MobileMedia) OR (!includeSorting AND  includeCopyMedia AND  MobileMedia AND  device_screen_128x149) OR (!includeFavourites AND  includePhoto AND  includeCopyMedia AND  device_screen_128x149) OR (includePhoto AND  includeCopyMedia AND  device_screen_176x205 AND  MobileMedia) OR (!includeFavourites AND  includePhoto AND  includeCopyMedia AND  MobileMedia) OR (!includeSorting AND  !includeFavourites AND  includePhoto AND  includeCopyMedia) OR (includePhoto AND  includeCopyMedia AND  MobileMedia AND  device_screen_132x176) OR (!includeSorting AND  includePhoto AND  includeCopyMedia AND  MobileMedia) OR (!includeSorting AND  !includeFavourites AND  includeCopyMedia AND  device_screen_176x205) OR (!includeSorting AND  !includeFavourites AND  includeCopyMedia AND  device_screen_128x149) OR (!includeSorting AND  !includeFavourites AND  includeCopyMedia AND  MobileMedia AND  device_screen_128x149) OR (!includeFavourites AND  includePhoto AND  includeCopyMedia AND  MobileMedia AND  device_screen_132x176) OR (!includeFavourites AND  includePhoto AND  includeCopyMedia AND  device_screen_176x205 AND  MobileMedia) OR (!includeSorting AND  includePhoto AND  includeFavourites AND  MobileMedia AND  device_screen_128x149) OR (!includeSorting AND  !includeFavourites AND  includePhoto AND  includeCopyMedia AND  device_screen_128x149) OR (!includeSorting AND  includePhoto AND  includeCopyMedia AND  MobileMedia AND  device_screen_132x176) OR (!includeSorting AND  !includeFavourites AND  includePhoto AND  includeCopyMedia AND  device_screen_132x176) OR (!includeSorting AND  !includeFavourites AND  includeCopyMedia AND  device_screen_176x205 AND  MobileMedia) OR (!includeFavourites AND  includePhoto AND  includeCopyMedia AND  MobileMedia AND  device_screen_128x149) OR (!includeSorting AND  includePhoto AND  includeCopyMedia AND  MobileMedia AND  device_screen_128x149) OR (!includeSorting AND  !includeFavourites AND  includePhoto AND  includeCopyMedia AND  device_screen_176x205) OR (!includeSorting AND  !includeFavourites AND  includePhoto AND  includeCopyMedia AND  MobileMedia) OR (!includeSorting AND  !includeFavourites AND  includeCopyMedia AND  MobileMedia AND  device_screen_132x176) OR (!includeSorting AND  includePhoto AND  includeCopyMedia AND  device_screen_176x205 AND  MobileMedia)" to="(includePhoto) AND (MobileMedia) AND (includePhoto AND  MobileMedia)" weight="16" />
	<dependency from="(includeSorting) AND (includeSorting AND  MobileMedia) AND (includeSorting AND  includePhoto) AND (includeSorting AND  includePhoto AND  MobileMedia)" to="(includePhoto) AND (MobileMedia) AND (includePhoto AND  MobileMedia)" weight="41" />
</dependencies>
</feature_model>
