<feature_model name="VOD">
<meta>
<data name="description">Video On Demand</data>
<data name="creator">Wesley K. G. Assuncao</data>
<data name="email">wesleyk@inf.ufpr.br</data>
<data name="date">06.02.2017</data>
<data name="organization">UFPR - Brazil</data>
</meta>
<feature_tree>
</feature_tree>
<constraints>
</constraints>
<dependencies>
	<dependency from="(StopMovie) AND (StopMovie AND  VOD) AND (StartMovie AND  StopMovie) AND (StopMovie AND  SelectMovie) AND (PlayImm AND  StopMovie) AND (VRCInterface AND  StopMovie) AND (StartPlayer AND  StopMovie) AND (StartMovie AND  StopMovie AND  VOD) AND (StartMovie AND  StopMovie AND  SelectMovie) AND (StopMovie AND  VOD AND  SelectMovie) AND (PlayImm AND  StartPlayer AND  StopMovie) AND (VRCInterface AND  StartPlayer AND  StopMovie) AND (VRCInterface AND  StopMovie AND  VOD) AND (VRCInterface AND  PlayImm AND  StopMovie) AND (StartPlayer AND  StopMovie AND  VOD) AND (VRCInterface AND  StopMovie AND  SelectMovie) AND (PlayImm AND  StartMovie AND  StopMovie) AND (StartPlayer AND  StartMovie AND  StopMovie) AND (StartPlayer AND  StopMovie AND  SelectMovie) AND (VRCInterface AND  StartMovie AND  StopMovie) AND (PlayImm AND  StopMovie AND  VOD) AND (PlayImm AND  StopMovie AND  SelectMovie) AND (VRCInterface AND  StopMovie AND  VOD AND  SelectMovie) AND (VRCInterface AND  PlayImm AND  StartPlayer AND  StopMovie) AND (VRCInterface AND  PlayImm AND  StartMovie AND  StopMovie) AND (VRCInterface AND  StartPlayer AND  StopMovie AND  SelectMovie) AND (PlayImm AND  StopMovie AND  VOD AND  SelectMovie) AND (PlayImm AND  StartMovie AND  StopMovie AND  VOD) AND (StartMovie AND  StopMovie AND  VOD AND  SelectMovie) AND (PlayImm AND  StartPlayer AND  StartMovie AND  StopMovie) AND (StartPlayer AND  StartMovie AND  StopMovie AND  SelectMovie) AND (VRCInterface AND  StartPlayer AND  StopMovie AND  VOD) AND (StartPlayer AND  StartMovie AND  StopMovie AND  VOD) AND (VRCInterface AND  StartMovie AND  StopMovie AND  SelectMovie) AND (PlayImm AND  StartMovie AND  StopMovie AND  SelectMovie) AND (PlayImm AND  StartPlayer AND  StopMovie AND  SelectMovie) AND (VRCInterface AND  StartMovie AND  StopMovie AND  VOD) AND (PlayImm AND  StartPlayer AND  StopMovie AND  VOD) AND (VRCInterface AND  PlayImm AND  StopMovie AND  SelectMovie) AND (VRCInterface AND  StartPlayer AND  StartMovie AND  StopMovie) AND (VRCInterface AND  PlayImm AND  StopMovie AND  VOD) AND (StartPlayer AND  StopMovie AND  VOD AND  SelectMovie) AND (VRCInterface AND  PlayImm AND  StartPlayer AND  StopMovie AND  SelectMovie) AND (VRCInterface AND  PlayImm AND  StartPlayer AND  StopMovie AND  VOD) AND (StartPlayer AND  StartMovie AND  StopMovie AND  VOD AND  SelectMovie) AND (VRCInterface AND  StartPlayer AND  StartMovie AND  StopMovie AND  SelectMovie) AND (PlayImm AND  StartPlayer AND  StopMovie AND  VOD AND  SelectMovie) AND (VRCInterface AND  StartMovie AND  StopMovie AND  VOD AND  SelectMovie) AND (VRCInterface AND  PlayImm AND  StartPlayer AND  StartMovie AND  StopMovie) AND (VRCInterface AND  StartPlayer AND  StopMovie AND  VOD AND  SelectMovie) AND (VRCInterface AND  PlayImm AND  StartMovie AND  StopMovie AND  VOD) AND (VRCInterface AND  PlayImm AND  StopMovie AND  VOD AND  SelectMovie) AND (VRCInterface AND  PlayImm AND  StartMovie AND  StopMovie AND  SelectMovie) AND (VRCInterface AND  StartPlayer AND  StartMovie AND  StopMovie AND  VOD) AND (PlayImm AND  StartPlayer AND  StartMovie AND  StopMovie AND  VOD) AND (PlayImm AND  StartPlayer AND  StartMovie AND  StopMovie AND  SelectMovie) AND (PlayImm AND  StartMovie AND  StopMovie AND  VOD AND  SelectMovie) AND d^5(VRCInterface AND  PlayImm AND  StartPlayer AND  StartMovie AND  StopMovie AND  SelectMovie) AND d^5(VRCInterface AND  PlayImm AND  StartPlayer AND  StartMovie AND  StopMovie AND  VOD) AND d^5(VRCInterface AND  PlayImm AND  StartPlayer AND  StopMovie AND  VOD AND  SelectMovie) AND d^5(VRCInterface AND  PlayImm AND  StartMovie AND  StopMovie AND  VOD AND  SelectMovie) AND d^5(VRCInterface AND  StartPlayer AND  StartMovie AND  StopMovie AND  VOD AND  SelectMovie) AND d^5(PlayImm AND  StartPlayer AND  StartMovie AND  StopMovie AND  VOD AND  SelectMovie)" to="(StartMovie) AND (SelectMovie) AND (PlayImm) AND (VOD) AND (StartPlayer) AND (VRCInterface) AND (StartMovie AND  SelectMovie) AND (VRCInterface AND  VOD) AND (StartPlayer AND  SelectMovie) AND (VRCInterface AND  SelectMovie) AND (StartPlayer AND  VOD) AND (VRCInterface AND  PlayImm) AND (VRCInterface AND  StartPlayer) AND (PlayImm AND  StartMovie) AND (VRCInterface AND  StartMovie) AND (VOD AND  SelectMovie) AND (PlayImm AND  StartPlayer) AND (StartPlayer AND  StartMovie) AND (PlayImm AND  VOD) AND (StartMovie AND  VOD) AND (PlayImm AND  SelectMovie) AND (VRCInterface AND  VOD AND  SelectMovie) AND (PlayImm AND  VOD AND  SelectMovie) AND (VRCInterface AND  PlayImm AND  StartPlayer) AND (StartPlayer AND  StartMovie AND  VOD) AND (StartPlayer AND  StartMovie AND  SelectMovie) AND (StartMovie AND  VOD AND  SelectMovie) AND (PlayImm AND  StartMovie AND  SelectMovie) AND (PlayImm AND  StartMovie AND  VOD) AND (PlayImm AND  StartPlayer AND  StartMovie) AND (VRCInterface AND  StartPlayer AND  VOD) AND (PlayImm AND  StartPlayer AND  SelectMovie) AND (PlayImm AND  StartPlayer AND  VOD) AND (VRCInterface AND  StartPlayer AND  SelectMovie) AND (VRCInterface AND  PlayImm AND  StartMovie) AND (VRCInterface AND  StartMovie AND  SelectMovie) AND (VRCInterface AND  StartMovie AND  VOD) AND (VRCInterface AND  PlayImm AND  VOD) AND (VRCInterface AND  StartPlayer AND  StartMovie) AND (StartPlayer AND  VOD AND  SelectMovie) AND (VRCInterface AND  PlayImm AND  SelectMovie) AND (VRCInterface AND  StartMovie AND  VOD AND  SelectMovie) AND (StartPlayer AND  StartMovie AND  VOD AND  SelectMovie) AND (VRCInterface AND  PlayImm AND  VOD AND  SelectMovie) AND (VRCInterface AND  PlayImm AND  StartPlayer AND  StartMovie) AND (PlayImm AND  StartPlayer AND  VOD AND  SelectMovie) AND (VRCInterface AND  PlayImm AND  StartMovie AND  SelectMovie) AND (PlayImm AND  StartPlayer AND  StartMovie AND  VOD) AND (VRCInterface AND  StartPlayer AND  StartMovie AND  SelectMovie) AND (PlayImm AND  StartPlayer AND  StartMovie AND  SelectMovie) AND (VRCInterface AND  PlayImm AND  StartMovie AND  VOD) AND (VRCInterface AND  StartPlayer AND  StartMovie AND  VOD) AND (VRCInterface AND  PlayImm AND  StartPlayer AND  SelectMovie) AND (VRCInterface AND  PlayImm AND  StartPlayer AND  VOD) AND (PlayImm AND  StartMovie AND  VOD AND  SelectMovie) AND (VRCInterface AND  StartPlayer AND  VOD AND  SelectMovie) AND (VRCInterface AND  PlayImm AND  StartPlayer AND  VOD AND  SelectMovie) AND (VRCInterface AND  StartPlayer AND  StartMovie AND  VOD AND  SelectMovie) AND (PlayImm AND  StartPlayer AND  StartMovie AND  VOD AND  SelectMovie) AND (VRCInterface AND  PlayImm AND  StartPlayer AND  StartMovie AND  VOD) AND (VRCInterface AND  PlayImm AND  StartPlayer AND  StartMovie AND  SelectMovie) AND (VRCInterface AND  PlayImm AND  StartMovie AND  VOD AND  SelectMovie) AND d^5(VRCInterface AND  PlayImm AND  StartPlayer AND  StartMovie AND  VOD AND  SelectMovie)" weight="30" />
	<dependency from="(QuitPlayer) AND (StartPlayer AND  QuitPlayer) AND (VRCInterface AND  QuitPlayer) AND (PlayImm AND  QuitPlayer) AND (VOD AND  QuitPlayer) AND (StartMovie AND  QuitPlayer) AND (QuitPlayer AND  SelectMovie) AND (VRCInterface AND  StartMovie AND  QuitPlayer) AND (PlayImm AND  StartMovie AND  QuitPlayer) AND (StartPlayer AND  QuitPlayer AND  SelectMovie) AND (PlayImm AND  StartPlayer AND  QuitPlayer) AND (PlayImm AND  QuitPlayer AND  SelectMovie) AND (StartPlayer AND  StartMovie AND  QuitPlayer) AND (PlayImm AND  VOD AND  QuitPlayer) AND (StartMovie AND  VOD AND  QuitPlayer) AND (VOD AND  QuitPlayer AND  SelectMovie) AND (StartMovie AND  QuitPlayer AND  SelectMovie) AND (VRCInterface AND  VOD AND  QuitPlayer) AND (VRCInterface AND  StartPlayer AND  QuitPlayer) AND (VRCInterface AND  PlayImm AND  QuitPlayer) AND (StartPlayer AND  VOD AND  QuitPlayer) AND (VRCInterface AND  QuitPlayer AND  SelectMovie) AND (StartPlayer AND  StartMovie AND  QuitPlayer AND  SelectMovie) AND (PlayImm AND  StartPlayer AND  VOD AND  QuitPlayer) AND (StartPlayer AND  StartMovie AND  VOD AND  QuitPlayer) AND (VRCInterface AND  StartMovie AND  QuitPlayer AND  SelectMovie) AND (PlayImm AND  StartMovie AND  QuitPlayer AND  SelectMovie) AND (VRCInterface AND  StartPlayer AND  VOD AND  QuitPlayer) AND (VRCInterface AND  StartPlayer AND  QuitPlayer AND  SelectMovie) AND (PlayImm AND  StartPlayer AND  QuitPlayer AND  SelectMovie) AND (StartPlayer AND  VOD AND  QuitPlayer AND  SelectMovie) AND (VRCInterface AND  VOD AND  QuitPlayer AND  SelectMovie) AND (VRCInterface AND  StartMovie AND  VOD AND  QuitPlayer) AND (VRCInterface AND  PlayImm AND  QuitPlayer AND  SelectMovie) AND (VRCInterface AND  PlayImm AND  VOD AND  QuitPlayer) AND (VRCInterface AND  StartPlayer AND  StartMovie AND  QuitPlayer) AND (VRCInterface AND  PlayImm AND  StartPlayer AND  QuitPlayer) AND (VRCInterface AND  PlayImm AND  StartMovie AND  QuitPlayer) AND (PlayImm AND  StartMovie AND  VOD AND  QuitPlayer) AND (PlayImm AND  VOD AND  QuitPlayer AND  SelectMovie) AND (StartMovie AND  VOD AND  QuitPlayer AND  SelectMovie) AND (PlayImm AND  StartPlayer AND  StartMovie AND  QuitPlayer) AND (VRCInterface AND  StartPlayer AND  VOD AND  QuitPlayer AND  SelectMovie) AND (PlayImm AND  StartPlayer AND  VOD AND  QuitPlayer AND  SelectMovie) AND (VRCInterface AND  PlayImm AND  VOD AND  QuitPlayer AND  SelectMovie) AND (VRCInterface AND  StartPlayer AND  StartMovie AND  VOD AND  QuitPlayer) AND (VRCInterface AND  PlayImm AND  StartMovie AND  VOD AND  QuitPlayer) AND (StartPlayer AND  StartMovie AND  VOD AND  QuitPlayer AND  SelectMovie) AND (VRCInterface AND  PlayImm AND  StartMovie AND  QuitPlayer AND  SelectMovie) AND (PlayImm AND  StartPlayer AND  StartMovie AND  QuitPlayer AND  SelectMovie) AND (PlayImm AND  StartMovie AND  VOD AND  QuitPlayer AND  SelectMovie) AND (PlayImm AND  StartPlayer AND  StartMovie AND  VOD AND  QuitPlayer) AND (VRCInterface AND  PlayImm AND  StartPlayer AND  VOD AND  QuitPlayer) AND (VRCInterface AND  PlayImm AND  StartPlayer AND  QuitPlayer AND  SelectMovie) AND (VRCInterface AND  StartPlayer AND  StartMovie AND  QuitPlayer AND  SelectMovie) AND (VRCInterface AND  PlayImm AND  StartPlayer AND  StartMovie AND  QuitPlayer) AND (VRCInterface AND  StartMovie AND  VOD AND  QuitPlayer AND  SelectMovie) AND d^5(VRCInterface AND  PlayImm AND  StartMovie AND  VOD AND  QuitPlayer AND  SelectMovie) AND d^5(PlayImm AND  StartPlayer AND  StartMovie AND  VOD AND  QuitPlayer AND  SelectMovie) AND d^5(VRCInterface AND  StartPlayer AND  StartMovie AND  VOD AND  QuitPlayer AND  SelectMovie) AND d^5(VRCInterface AND  PlayImm AND  StartPlayer AND  StartMovie AND  QuitPlayer AND  SelectMovie) AND d^5(VRCInterface AND  PlayImm AND  StartPlayer AND  StartMovie AND  VOD AND  QuitPlayer) AND d^5(VRCInterface AND  PlayImm AND  StartPlayer AND  VOD AND  QuitPlayer AND  SelectMovie)" to="(StartMovie) AND (SelectMovie) AND (PlayImm) AND (VOD) AND (StartPlayer) AND (VRCInterface) AND (StartMovie AND  SelectMovie) AND (VRCInterface AND  VOD) AND (StartPlayer AND  SelectMovie) AND (VRCInterface AND  SelectMovie) AND (StartPlayer AND  VOD) AND (VRCInterface AND  PlayImm) AND (VRCInterface AND  StartPlayer) AND (PlayImm AND  StartMovie) AND (VRCInterface AND  StartMovie) AND (VOD AND  SelectMovie) AND (PlayImm AND  StartPlayer) AND (StartPlayer AND  StartMovie) AND (PlayImm AND  VOD) AND (StartMovie AND  VOD) AND (PlayImm AND  SelectMovie) AND (VRCInterface AND  VOD AND  SelectMovie) AND (PlayImm AND  VOD AND  SelectMovie) AND (VRCInterface AND  PlayImm AND  StartPlayer) AND (StartPlayer AND  StartMovie AND  VOD) AND (StartPlayer AND  StartMovie AND  SelectMovie) AND (StartMovie AND  VOD AND  SelectMovie) AND (PlayImm AND  StartMovie AND  SelectMovie) AND (PlayImm AND  StartMovie AND  VOD) AND (PlayImm AND  StartPlayer AND  StartMovie) AND (VRCInterface AND  StartPlayer AND  VOD) AND (PlayImm AND  StartPlayer AND  SelectMovie) AND (PlayImm AND  StartPlayer AND  VOD) AND (VRCInterface AND  StartPlayer AND  SelectMovie) AND (VRCInterface AND  PlayImm AND  StartMovie) AND (VRCInterface AND  StartMovie AND  SelectMovie) AND (VRCInterface AND  StartMovie AND  VOD) AND (VRCInterface AND  PlayImm AND  VOD) AND (VRCInterface AND  StartPlayer AND  StartMovie) AND (StartPlayer AND  VOD AND  SelectMovie) AND (VRCInterface AND  PlayImm AND  SelectMovie) AND (VRCInterface AND  StartMovie AND  VOD AND  SelectMovie) AND (StartPlayer AND  StartMovie AND  VOD AND  SelectMovie) AND (VRCInterface AND  PlayImm AND  VOD AND  SelectMovie) AND (VRCInterface AND  PlayImm AND  StartPlayer AND  StartMovie) AND (PlayImm AND  StartPlayer AND  VOD AND  SelectMovie) AND (VRCInterface AND  PlayImm AND  StartMovie AND  SelectMovie) AND (PlayImm AND  StartPlayer AND  StartMovie AND  VOD) AND (VRCInterface AND  StartPlayer AND  StartMovie AND  SelectMovie) AND (PlayImm AND  StartPlayer AND  StartMovie AND  SelectMovie) AND (VRCInterface AND  PlayImm AND  StartMovie AND  VOD) AND (VRCInterface AND  StartPlayer AND  StartMovie AND  VOD) AND (VRCInterface AND  PlayImm AND  StartPlayer AND  SelectMovie) AND (VRCInterface AND  PlayImm AND  StartPlayer AND  VOD) AND (PlayImm AND  StartMovie AND  VOD AND  SelectMovie) AND (VRCInterface AND  StartPlayer AND  VOD AND  SelectMovie) AND (VRCInterface AND  PlayImm AND  StartPlayer AND  VOD AND  SelectMovie) AND (VRCInterface AND  StartPlayer AND  StartMovie AND  VOD AND  SelectMovie) AND (PlayImm AND  StartPlayer AND  StartMovie AND  VOD AND  SelectMovie) AND (VRCInterface AND  PlayImm AND  StartPlayer AND  StartMovie AND  VOD) AND (VRCInterface AND  PlayImm AND  StartPlayer AND  StartMovie AND  SelectMovie) AND (VRCInterface AND  PlayImm AND  StartMovie AND  VOD AND  SelectMovie) AND d^5(VRCInterface AND  PlayImm AND  StartPlayer AND  StartMovie AND  VOD AND  SelectMovie)" weight="33" />
	<dependency from="(ChangeServer) AND (VRCInterface AND  ChangeServer) AND (PlayImm AND  ChangeServer) AND (StartPlayer AND  ChangeServer) AND (ChangeServer AND  StartMovie) AND (ChangeServer AND  VOD) AND (ChangeServer AND  SelectMovie) AND (VRCInterface AND  ChangeServer AND  StartMovie) AND (StartPlayer AND  ChangeServer AND  SelectMovie) AND (StartPlayer AND  ChangeServer AND  VOD) AND (PlayImm AND  ChangeServer AND  StartMovie) AND (ChangeServer AND  StartMovie AND  SelectMovie) AND (StartPlayer AND  ChangeServer AND  StartMovie) AND (PlayImm AND  ChangeServer AND  VOD) AND (PlayImm AND  ChangeServer AND  SelectMovie) AND (ChangeServer AND  VOD AND  SelectMovie) AND (ChangeServer AND  StartMovie AND  VOD) AND (VRCInterface AND  StartPlayer AND  ChangeServer) AND (PlayImm AND  StartPlayer AND  ChangeServer) AND (VRCInterface AND  PlayImm AND  ChangeServer) AND (VRCInterface AND  ChangeServer AND  VOD) AND (VRCInterface AND  ChangeServer AND  SelectMovie) AND (PlayImm AND  ChangeServer AND  StartMovie AND  SelectMovie) AND (StartPlayer AND  ChangeServer AND  StartMovie AND  SelectMovie) AND (PlayImm AND  ChangeServer AND  StartMovie AND  VOD) AND (VRCInterface AND  ChangeServer AND  StartMovie AND  SelectMovie) AND (StartPlayer AND  ChangeServer AND  StartMovie AND  VOD) AND (PlayImm AND  StartPlayer AND  ChangeServer AND  SelectMovie) AND (VRCInterface AND  ChangeServer AND  VOD AND  SelectMovie) AND (PlayImm AND  StartPlayer AND  ChangeServer AND  VOD) AND (VRCInterface AND  ChangeServer AND  StartMovie AND  VOD) AND (VRCInterface AND  StartPlayer AND  ChangeServer AND  StartMovie) AND (StartPlayer AND  ChangeServer AND  VOD AND  SelectMovie) AND (VRCInterface AND  PlayImm AND  ChangeServer AND  SelectMovie) AND (VRCInterface AND  PlayImm AND  ChangeServer AND  VOD) AND (ChangeServer AND  StartMovie AND  VOD AND  SelectMovie) AND (VRCInterface AND  PlayImm AND  StartPlayer AND  ChangeServer) AND (PlayImm AND  ChangeServer AND  VOD AND  SelectMovie) AND (VRCInterface AND  StartPlayer AND  ChangeServer AND  SelectMovie) AND (VRCInterface AND  PlayImm AND  ChangeServer AND  StartMovie) AND (VRCInterface AND  StartPlayer AND  ChangeServer AND  VOD) AND (PlayImm AND  StartPlayer AND  ChangeServer AND  StartMovie) AND (VRCInterface AND  PlayImm AND  ChangeServer AND  VOD AND  SelectMovie) AND (VRCInterface AND  PlayImm AND  ChangeServer AND  StartMovie AND  VOD) AND (StartPlayer AND  ChangeServer AND  StartMovie AND  VOD AND  SelectMovie) AND (VRCInterface AND  PlayImm AND  ChangeServer AND  StartMovie AND  SelectMovie) AND (PlayImm AND  StartPlayer AND  ChangeServer AND  StartMovie AND  VOD) AND (PlayImm AND  ChangeServer AND  StartMovie AND  VOD AND  SelectMovie) AND (PlayImm AND  StartPlayer AND  ChangeServer AND  StartMovie AND  SelectMovie) AND (VRCInterface AND  StartPlayer AND  ChangeServer AND  VOD AND  SelectMovie) AND (VRCInterface AND  PlayImm AND  StartPlayer AND  ChangeServer AND  VOD) AND (VRCInterface AND  PlayImm AND  StartPlayer AND  ChangeServer AND  SelectMovie) AND (VRCInterface AND  ChangeServer AND  StartMovie AND  VOD AND  SelectMovie) AND (VRCInterface AND  StartPlayer AND  ChangeServer AND  StartMovie AND  VOD) AND (VRCInterface AND  StartPlayer AND  ChangeServer AND  StartMovie AND  SelectMovie) AND (PlayImm AND  StartPlayer AND  ChangeServer AND  VOD AND  SelectMovie) AND (VRCInterface AND  PlayImm AND  StartPlayer AND  ChangeServer AND  StartMovie) AND d^5(VRCInterface AND  PlayImm AND  ChangeServer AND  StartMovie AND  VOD AND  SelectMovie) AND d^5(VRCInterface AND  StartPlayer AND  ChangeServer AND  StartMovie AND  VOD AND  SelectMovie) AND d^5(PlayImm AND  StartPlayer AND  ChangeServer AND  StartMovie AND  VOD AND  SelectMovie) AND d^5(VRCInterface AND  PlayImm AND  StartPlayer AND  ChangeServer AND  StartMovie AND  SelectMovie) AND d^5(VRCInterface AND  PlayImm AND  StartPlayer AND  ChangeServer AND  StartMovie AND  VOD) AND d^5(VRCInterface AND  PlayImm AND  StartPlayer AND  ChangeServer AND  VOD AND  SelectMovie)" to="(StartMovie) AND (SelectMovie) AND (PlayImm) AND (VOD) AND (StartPlayer) AND (VRCInterface) AND (StartMovie AND  SelectMovie) AND (VRCInterface AND  VOD) AND (StartPlayer AND  SelectMovie) AND (VRCInterface AND  SelectMovie) AND (StartPlayer AND  VOD) AND (VRCInterface AND  PlayImm) AND (VRCInterface AND  StartPlayer) AND (PlayImm AND  StartMovie) AND (VRCInterface AND  StartMovie) AND (VOD AND  SelectMovie) AND (PlayImm AND  StartPlayer) AND (StartPlayer AND  StartMovie) AND (PlayImm AND  VOD) AND (StartMovie AND  VOD) AND (PlayImm AND  SelectMovie) AND (VRCInterface AND  VOD AND  SelectMovie) AND (PlayImm AND  VOD AND  SelectMovie) AND (VRCInterface AND  PlayImm AND  StartPlayer) AND (StartPlayer AND  StartMovie AND  VOD) AND (StartPlayer AND  StartMovie AND  SelectMovie) AND (StartMovie AND  VOD AND  SelectMovie) AND (PlayImm AND  StartMovie AND  SelectMovie) AND (PlayImm AND  StartMovie AND  VOD) AND (PlayImm AND  StartPlayer AND  StartMovie) AND (VRCInterface AND  StartPlayer AND  VOD) AND (PlayImm AND  StartPlayer AND  SelectMovie) AND (PlayImm AND  StartPlayer AND  VOD) AND (VRCInterface AND  StartPlayer AND  SelectMovie) AND (VRCInterface AND  PlayImm AND  StartMovie) AND (VRCInterface AND  StartMovie AND  SelectMovie) AND (VRCInterface AND  StartMovie AND  VOD) AND (VRCInterface AND  PlayImm AND  VOD) AND (VRCInterface AND  StartPlayer AND  StartMovie) AND (StartPlayer AND  VOD AND  SelectMovie) AND (VRCInterface AND  PlayImm AND  SelectMovie) AND (VRCInterface AND  StartMovie AND  VOD AND  SelectMovie) AND (StartPlayer AND  StartMovie AND  VOD AND  SelectMovie) AND (VRCInterface AND  PlayImm AND  VOD AND  SelectMovie) AND (VRCInterface AND  PlayImm AND  StartPlayer AND  StartMovie) AND (PlayImm AND  StartPlayer AND  VOD AND  SelectMovie) AND (VRCInterface AND  PlayImm AND  StartMovie AND  SelectMovie) AND (PlayImm AND  StartPlayer AND  StartMovie AND  VOD) AND (VRCInterface AND  StartPlayer AND  StartMovie AND  SelectMovie) AND (PlayImm AND  StartPlayer AND  StartMovie AND  SelectMovie) AND (VRCInterface AND  PlayImm AND  StartMovie AND  VOD) AND (VRCInterface AND  StartPlayer AND  StartMovie AND  VOD) AND (VRCInterface AND  PlayImm AND  StartPlayer AND  SelectMovie) AND (VRCInterface AND  PlayImm AND  StartPlayer AND  VOD) AND (PlayImm AND  StartMovie AND  VOD AND  SelectMovie) AND (VRCInterface AND  StartPlayer AND  VOD AND  SelectMovie) AND (VRCInterface AND  PlayImm AND  StartPlayer AND  VOD AND  SelectMovie) AND (VRCInterface AND  StartPlayer AND  StartMovie AND  VOD AND  SelectMovie) AND (PlayImm AND  StartPlayer AND  StartMovie AND  VOD AND  SelectMovie) AND (VRCInterface AND  PlayImm AND  StartPlayer AND  StartMovie AND  VOD) AND (VRCInterface AND  PlayImm AND  StartPlayer AND  StartMovie AND  SelectMovie) AND (VRCInterface AND  PlayImm AND  StartMovie AND  VOD AND  SelectMovie) AND d^5(VRCInterface AND  PlayImm AND  StartPlayer AND  StartMovie AND  VOD AND  SelectMovie)" weight="144" />
	<dependency from="(Detail) AND (Detail AND  StartPlayer) AND (Detail AND  VRCInterface) AND (Detail AND  VOD) AND (Detail AND  SelectMovie) AND (Detail AND  StartMovie) AND (Detail AND  PlayImm) AND (Detail AND  PlayImm AND  VOD) AND (Detail AND  VRCInterface AND  SelectMovie) AND (Detail AND  StartPlayer AND  VOD) AND (Detail AND  PlayImm AND  SelectMovie) AND (Detail AND  VRCInterface AND  VOD) AND (Detail AND  StartMovie AND  VOD) AND (Detail AND  StartPlayer AND  StartMovie) AND (Detail AND  PlayImm AND  StartMovie) AND (Detail AND  StartMovie AND  SelectMovie) AND (Detail AND  PlayImm AND  StartPlayer) AND (Detail AND  VRCInterface AND  StartPlayer) AND (Detail AND  VOD AND  SelectMovie) AND (Detail AND  VRCInterface AND  StartMovie) AND (Detail AND  VRCInterface AND  PlayImm) AND (Detail AND  StartPlayer AND  SelectMovie) AND (Detail AND  VRCInterface AND  StartMovie AND  VOD) AND (Detail AND  StartPlayer AND  VOD AND  SelectMovie) AND (Detail AND  PlayImm AND  StartMovie AND  VOD) AND (Detail AND  StartPlayer AND  StartMovie AND  VOD) AND (Detail AND  VRCInterface AND  VOD AND  SelectMovie) AND (Detail AND  StartPlayer AND  StartMovie AND  SelectMovie) AND (Detail AND  PlayImm AND  VOD AND  SelectMovie) AND (Detail AND  VRCInterface AND  PlayImm AND  VOD) AND (Detail AND  VRCInterface AND  PlayImm AND  SelectMovie) AND (Detail AND  PlayImm AND  StartPlayer AND  SelectMovie) AND (Detail AND  PlayImm AND  StartPlayer AND  VOD) AND (Detail AND  VRCInterface AND  StartMovie AND  SelectMovie) AND (Detail AND  VRCInterface AND  StartPlayer AND  StartMovie) AND (Detail AND  PlayImm AND  StartPlayer AND  StartMovie) AND (Detail AND  VRCInterface AND  PlayImm AND  StartMovie) AND (Detail AND  StartMovie AND  VOD AND  SelectMovie) AND (Detail AND  VRCInterface AND  PlayImm AND  StartPlayer) AND (Detail AND  PlayImm AND  StartMovie AND  SelectMovie) AND (Detail AND  VRCInterface AND  StartPlayer AND  VOD) AND (Detail AND  VRCInterface AND  StartPlayer AND  SelectMovie) AND (Detail AND  StartPlayer AND  StartMovie AND  VOD AND  SelectMovie) AND (Detail AND  PlayImm AND  StartMovie AND  VOD AND  SelectMovie) AND (Detail AND  VRCInterface AND  StartMovie AND  VOD AND  SelectMovie) AND (Detail AND  VRCInterface AND  PlayImm AND  VOD AND  SelectMovie) AND (Detail AND  VRCInterface AND  StartPlayer AND  VOD AND  SelectMovie) AND (Detail AND  VRCInterface AND  StartPlayer AND  StartMovie AND  VOD) AND (Detail AND  VRCInterface AND  PlayImm AND  StartPlayer AND  SelectMovie) AND (Detail AND  VRCInterface AND  PlayImm AND  StartPlayer AND  VOD) AND (Detail AND  PlayImm AND  StartPlayer AND  StartMovie AND  VOD) AND (Detail AND  VRCInterface AND  StartPlayer AND  StartMovie AND  SelectMovie) AND (Detail AND  PlayImm AND  StartPlayer AND  StartMovie AND  SelectMovie) AND (Detail AND  PlayImm AND  StartPlayer AND  VOD AND  SelectMovie) AND (Detail AND  VRCInterface AND  PlayImm AND  StartPlayer AND  StartMovie) AND (Detail AND  VRCInterface AND  PlayImm AND  StartMovie AND  SelectMovie) AND (Detail AND  VRCInterface AND  PlayImm AND  StartMovie AND  VOD) AND d^5(Detail AND  PlayImm AND  StartPlayer AND  StartMovie AND  VOD AND  SelectMovie) AND d^5(Detail AND  VRCInterface AND  PlayImm AND  StartMovie AND  VOD AND  SelectMovie) AND d^5(Detail AND  VRCInterface AND  PlayImm AND  StartPlayer AND  VOD AND  SelectMovie) AND d^5(Detail AND  VRCInterface AND  PlayImm AND  StartPlayer AND  StartMovie AND  VOD) AND d^5(Detail AND  VRCInterface AND  PlayImm AND  StartPlayer AND  StartMovie AND  SelectMovie) AND d^5(Detail AND  VRCInterface AND  StartPlayer AND  StartMovie AND  VOD AND  SelectMovie)" to="(StartMovie) AND (SelectMovie) AND (PlayImm) AND (VOD) AND (StartPlayer) AND (VRCInterface) AND (StartMovie AND  SelectMovie) AND (VRCInterface AND  VOD) AND (StartPlayer AND  SelectMovie) AND (VRCInterface AND  SelectMovie) AND (StartPlayer AND  VOD) AND (VRCInterface AND  PlayImm) AND (VRCInterface AND  StartPlayer) AND (PlayImm AND  StartMovie) AND (VRCInterface AND  StartMovie) AND (VOD AND  SelectMovie) AND (PlayImm AND  StartPlayer) AND (StartPlayer AND  StartMovie) AND (PlayImm AND  VOD) AND (StartMovie AND  VOD) AND (PlayImm AND  SelectMovie) AND (VRCInterface AND  VOD AND  SelectMovie) AND (PlayImm AND  VOD AND  SelectMovie) AND (VRCInterface AND  PlayImm AND  StartPlayer) AND (StartPlayer AND  StartMovie AND  VOD) AND (StartPlayer AND  StartMovie AND  SelectMovie) AND (StartMovie AND  VOD AND  SelectMovie) AND (PlayImm AND  StartMovie AND  SelectMovie) AND (PlayImm AND  StartMovie AND  VOD) AND (PlayImm AND  StartPlayer AND  StartMovie) AND (VRCInterface AND  StartPlayer AND  VOD) AND (PlayImm AND  StartPlayer AND  SelectMovie) AND (PlayImm AND  StartPlayer AND  VOD) AND (VRCInterface AND  StartPlayer AND  SelectMovie) AND (VRCInterface AND  PlayImm AND  StartMovie) AND (VRCInterface AND  StartMovie AND  SelectMovie) AND (VRCInterface AND  StartMovie AND  VOD) AND (VRCInterface AND  PlayImm AND  VOD) AND (VRCInterface AND  StartPlayer AND  StartMovie) AND (StartPlayer AND  VOD AND  SelectMovie) AND (VRCInterface AND  PlayImm AND  SelectMovie) AND (VRCInterface AND  StartMovie AND  VOD AND  SelectMovie) AND (StartPlayer AND  StartMovie AND  VOD AND  SelectMovie) AND (VRCInterface AND  PlayImm AND  VOD AND  SelectMovie) AND (VRCInterface AND  PlayImm AND  StartPlayer AND  StartMovie) AND (PlayImm AND  StartPlayer AND  VOD AND  SelectMovie) AND (VRCInterface AND  PlayImm AND  StartMovie AND  SelectMovie) AND (PlayImm AND  StartPlayer AND  StartMovie AND  VOD) AND (VRCInterface AND  StartPlayer AND  StartMovie AND  SelectMovie) AND (PlayImm AND  StartPlayer AND  StartMovie AND  SelectMovie) AND (VRCInterface AND  PlayImm AND  StartMovie AND  VOD) AND (VRCInterface AND  StartPlayer AND  StartMovie AND  VOD) AND (VRCInterface AND  PlayImm AND  StartPlayer AND  SelectMovie) AND (VRCInterface AND  PlayImm AND  StartPlayer AND  VOD) AND (PlayImm AND  StartMovie AND  VOD AND  SelectMovie) AND (VRCInterface AND  StartPlayer AND  VOD AND  SelectMovie) AND (VRCInterface AND  PlayImm AND  StartPlayer AND  VOD AND  SelectMovie) AND (VRCInterface AND  StartPlayer AND  StartMovie AND  VOD AND  SelectMovie) AND (PlayImm AND  StartPlayer AND  StartMovie AND  VOD AND  SelectMovie) AND (VRCInterface AND  PlayImm AND  StartPlayer AND  StartMovie AND  VOD) AND (VRCInterface AND  PlayImm AND  StartPlayer AND  StartMovie AND  SelectMovie) AND (VRCInterface AND  PlayImm AND  StartMovie AND  VOD AND  SelectMovie) AND d^5(VRCInterface AND  PlayImm AND  StartPlayer AND  StartMovie AND  VOD AND  SelectMovie)" weight="93" />
</dependencies>
</feature_model>
