<feature_model name="ZipMe">
<meta>
<data name="description">ZipMe</data>
<data name="creator">Wesley K. G. Assuncao</data>
<data name="email">wesleyk@inf.ufpr.br</data>
<data name="date">06.02.2017</data>
<data name="organization">UFPR - Brazil</data>
</meta>
<feature_tree>
</feature_tree>
<constraints>
</constraints>
<dependencies>
	<dependency from="(CRC AND  !Adler32Checksum) AND (CRC AND  !Adler32Checksum AND  Base) AND (CRC AND  !Adler32Checksum AND  Compress) AND (!Extract AND  CRC AND  !Adler32Checksum) AND (CRC AND  !Adler32Checksum AND  Base AND  Compress) AND (!Extract AND  CRC AND  !Adler32Checksum AND  Base) AND (!Extract AND  CRC AND  !Adler32Checksum AND  Compress) AND (!Extract AND  CRC AND  !Adler32Checksum AND  Base AND  Compress)" to="(Base) AND (Compress) AND (Base AND  Compress)" weight="30" />
	<dependency from="(!Extract AND  CRC AND  GZIP) AND (!Extract AND  CRC AND  GZIP AND  Compress) AND (!Extract AND  CRC AND  GZIP AND  Base) AND (!Extract AND  CRC AND  GZIP AND  Base AND  Compress)" to="(Base) AND (Compress) AND (Base AND  Compress)" weight="51" />
	<dependency from="(!Extract AND  Adler32Checksum) AND (!Extract AND  Adler32Checksum AND  Compress) AND (!Extract AND  Adler32Checksum AND  Base) AND (!Extract AND  Adler32Checksum AND  Base AND  Compress)" to="(Base) AND (Compress) AND (Base AND  Compress)" weight="36" />
	<dependency from="(!CRC AND  Compress) OR (!CRC AND  Base) OR (!Extract AND  !CRC AND  Base) OR (!CRC AND  !ArchiveCheck AND  Base) OR (!CRC AND  !GZIP AND  Compress) OR (!CRC AND  !Adler32Checksum AND  Compress) OR (!CRC AND  Base AND  Compress) OR (!CRC AND  !Adler32Checksum AND  Base) OR (!CRC AND  !GZIP AND  Base) OR (!Extract AND  !CRC AND  Compress) OR (!CRC AND  !ArchiveCheck AND  Compress) OR (!CRC AND  !GZIP AND  !ArchiveCheck AND  Base) OR (!CRC AND  !ArchiveCheck AND  !Adler32Checksum AND  Compress) OR (!Extract AND  !CRC AND  !ArchiveCheck AND  Compress) OR (!CRC AND  !ArchiveCheck AND  Base AND  Compress) OR (!Extract AND  !CRC AND  !ArchiveCheck AND  Base) OR (!CRC AND  !GZIP AND  !Adler32Checksum AND  Base) OR (!Extract AND  !CRC AND  !Adler32Checksum AND  Compress) OR (!Extract AND  !CRC AND  !GZIP AND  Compress) OR (!CRC AND  !GZIP AND  Base AND  Compress) OR (!CRC AND  !Adler32Checksum AND  Base AND  Compress) OR (!CRC AND  !GZIP AND  !ArchiveCheck AND  Compress) OR (!Extract AND  !CRC AND  Base AND  Compress) OR (!CRC AND  !GZIP AND  !Adler32Checksum AND  Compress) OR (!Extract AND  !CRC AND  !Adler32Checksum AND  Base) OR (!CRC AND  !ArchiveCheck AND  !Adler32Checksum AND  Base) OR (!Extract AND  !CRC AND  !GZIP AND  Base) OR (!CRC AND  !GZIP AND  !ArchiveCheck AND  !Adler32Checksum AND  Base) OR (!Extract AND  !CRC AND  !ArchiveCheck AND  Base AND  Compress) OR (!Extract AND  !CRC AND  !GZIP AND  Base AND  Compress) OR (!Extract AND  !CRC AND  !Adler32Checksum AND  Base AND  Compress) OR (!Extract AND  !CRC AND  !GZIP AND  !ArchiveCheck AND  Compress) OR (!CRC AND  !GZIP AND  !ArchiveCheck AND  !Adler32Checksum AND  Compress) OR (!Extract AND  !CRC AND  !ArchiveCheck AND  !Adler32Checksum AND  Base) OR (!Extract AND  !CRC AND  !GZIP AND  !ArchiveCheck AND  Base) OR (!Extract AND  !CRC AND  !GZIP AND  !Adler32Checksum AND  Compress) OR (!CRC AND  !ArchiveCheck AND  !Adler32Checksum AND  Base AND  Compress) OR (!CRC AND  !GZIP AND  !ArchiveCheck AND  Base AND  Compress) OR (!Extract AND  !CRC AND  !ArchiveCheck AND  !Adler32Checksum AND  Compress) OR (!Extract AND  !CRC AND  !GZIP AND  !Adler32Checksum AND  Base) OR (!CRC AND  !GZIP AND  !Adler32Checksum AND  Base AND  Compress)" to="(Base) AND (Compress) AND (Base AND  Compress)" weight="19" />
	<dependency from="(CRC AND  !ArchiveCheck) OR (CRC AND  !ArchiveCheck AND  Base) OR (!Extract AND  CRC AND  !ArchiveCheck) OR (CRC AND  !ArchiveCheck AND  !Adler32Checksum) OR (CRC AND  !GZIP AND  !ArchiveCheck) OR (CRC AND  !ArchiveCheck AND  Compress) OR (!Extract AND  CRC AND  !ArchiveCheck AND  !Adler32Checksum) OR (CRC AND  !GZIP AND  !ArchiveCheck AND  Base) OR (!Extract AND  CRC AND  !GZIP AND  !ArchiveCheck) OR (CRC AND  !ArchiveCheck AND  !Adler32Checksum AND  Compress) OR (!Extract AND  CRC AND  !ArchiveCheck AND  Compress) OR (CRC AND  !ArchiveCheck AND  Base AND  Compress) OR (!Extract AND  CRC AND  !ArchiveCheck AND  Base) OR (CRC AND  !GZIP AND  !ArchiveCheck AND  Compress) OR (CRC AND  !GZIP AND  !ArchiveCheck AND  !Adler32Checksum) OR (CRC AND  !ArchiveCheck AND  !Adler32Checksum AND  Base) OR (!Extract AND  CRC AND  !ArchiveCheck AND  Base AND  Compress) OR (CRC AND  !GZIP AND  !ArchiveCheck AND  !Adler32Checksum AND  Base) OR (!Extract AND  CRC AND  !GZIP AND  !ArchiveCheck AND  Compress) OR (CRC AND  !GZIP AND  !ArchiveCheck AND  !Adler32Checksum AND  Compress) OR (!Extract AND  CRC AND  !GZIP AND  !ArchiveCheck AND  !Adler32Checksum) OR (!Extract AND  CRC AND  !ArchiveCheck AND  !Adler32Checksum AND  Base) OR (!Extract AND  CRC AND  !GZIP AND  !ArchiveCheck AND  Base) OR (CRC AND  !ArchiveCheck AND  !Adler32Checksum AND  Base AND  Compress) OR (CRC AND  !GZIP AND  !ArchiveCheck AND  Base AND  Compress) OR (!Extract AND  CRC AND  !ArchiveCheck AND  !Adler32Checksum AND  Compress)" to="(Base) AND (Compress) AND (Base AND  Compress)" weight="19" />
	<dependency from="(!GZIP AND  ArchiveCheck) OR (!Extract AND  !GZIP AND  ArchiveCheck) OR (!GZIP AND  ArchiveCheck AND  Compress) OR (!GZIP AND  ArchiveCheck AND  Base) OR (CRC AND  !GZIP AND  ArchiveCheck) OR (!GZIP AND  !Adler32Checksum AND  ArchiveCheck) OR (!GZIP AND  !Adler32Checksum AND  ArchiveCheck AND  Base) OR (CRC AND  !GZIP AND  ArchiveCheck AND  Base) OR (!Extract AND  CRC AND  !GZIP AND  ArchiveCheck) OR (!Extract AND  !GZIP AND  !Adler32Checksum AND  ArchiveCheck) OR (!GZIP AND  ArchiveCheck AND  Base AND  Compress) OR (!Extract AND  !GZIP AND  ArchiveCheck AND  Compress) OR (CRC AND  !GZIP AND  ArchiveCheck AND  Compress) OR (!Extract AND  !GZIP AND  ArchiveCheck AND  Base) OR (CRC AND  !GZIP AND  !Adler32Checksum AND  ArchiveCheck) OR (!GZIP AND  !Adler32Checksum AND  ArchiveCheck AND  Compress) OR (!Extract AND  !GZIP AND  ArchiveCheck AND  Base AND  Compress) OR (CRC AND  !GZIP AND  !Adler32Checksum AND  ArchiveCheck AND  Base) OR (CRC AND  !GZIP AND  !Adler32Checksum AND  ArchiveCheck AND  Compress) OR (!Extract AND  CRC AND  !GZIP AND  ArchiveCheck AND  Compress) OR (!Extract AND  CRC AND  !GZIP AND  !Adler32Checksum AND  ArchiveCheck) OR (!Extract AND  !GZIP AND  !Adler32Checksum AND  ArchiveCheck AND  Compress) OR (!Extract AND  !GZIP AND  !Adler32Checksum AND  ArchiveCheck AND  Base) OR (!Extract AND  CRC AND  !GZIP AND  ArchiveCheck AND  Base) OR (CRC AND  !GZIP AND  ArchiveCheck AND  Base AND  Compress) OR (!GZIP AND  !Adler32Checksum AND  ArchiveCheck AND  Base AND  Compress)" to="(Base) AND (Compress) AND (Base AND  Compress)" weight="19" />
	<dependency from="" to="(Base) AND (Compress) AND (Base AND  Compress)" weight="30" />
	<dependency from="(GZIP AND  !Adler32Checksum AND  ArchiveCheck) OR (CRC AND  GZIP AND  !Adler32Checksum) OR (CRC AND  GZIP AND  !Adler32Checksum AND  Base) OR (!Extract AND  GZIP AND  !Adler32Checksum AND  ArchiveCheck) OR (GZIP AND  !Adler32Checksum AND  ArchiveCheck AND  Base) OR (!Extract AND  CRC AND  GZIP AND  !Adler32Checksum) OR (CRC AND  GZIP AND  !Adler32Checksum AND  Compress) OR (CRC AND  GZIP AND  !Adler32Checksum AND  ArchiveCheck) OR (GZIP AND  !Adler32Checksum AND  ArchiveCheck AND  Compress) OR (CRC AND  GZIP AND  !Adler32Checksum AND  ArchiveCheck AND  Base) OR (!Extract AND  CRC AND  GZIP AND  !Adler32Checksum AND  Compress) OR (!Extract AND  GZIP AND  !Adler32Checksum AND  ArchiveCheck AND  Base) OR (CRC AND  GZIP AND  !Adler32Checksum AND  ArchiveCheck AND  Compress) OR (CRC AND  GZIP AND  !Adler32Checksum AND  Base AND  Compress) OR (!Extract AND  CRC AND  GZIP AND  !Adler32Checksum AND  Base) OR (GZIP AND  !Adler32Checksum AND  ArchiveCheck AND  Base AND  Compress) OR (!Extract AND  CRC AND  GZIP AND  !Adler32Checksum AND  ArchiveCheck) OR (!Extract AND  GZIP AND  !Adler32Checksum AND  ArchiveCheck AND  Compress)" to="(Base) AND (Compress) AND (Base AND  Compress)" weight="19" />
	<dependency from="" to="(Base) AND (Compress) AND (Base AND  Compress)" weight="48" />
	<dependency from="" to="(Base) AND (Compress) AND (Base AND  Compress)" weight="48" />
	<dependency from="" to="(Base) AND (Compress) AND (Base AND  Compress)" weight="58" />
	<dependency from="" to="(Base) AND (Compress) AND (Base AND  Compress)" weight="48" />
	<dependency from="" to="(Base) AND (Compress) AND (Base AND  Compress)" weight="7" />
	<dependency from="(CRC AND  ArchiveCheck) AND (CRC AND  ArchiveCheck AND  Base) AND (CRC AND  ArchiveCheck AND  Compress) AND (CRC AND  ArchiveCheck AND  Base AND  Compress)" to="(Base) AND (Compress) AND (Base AND  Compress)" weight="7" />
	<dependency from="(CRC AND  GZIP) AND (CRC AND  GZIP AND  Compress) AND (CRC AND  GZIP AND  Base) AND (CRC AND  GZIP AND  Base AND  Compress)" to="(Base) AND (Compress) AND (Base AND  Compress)" weight="27" />
	<dependency from="(CRC AND  GZIP) AND (CRC AND  GZIP AND  Compress) AND (CRC AND  GZIP AND  Base) AND (CRC AND  GZIP AND  Base AND  Compress)" to="(CRC) AND (CRC AND  Compress) AND (CRC AND  Base) AND (CRC AND  Base AND  Compress)" weight="1" />
	<dependency from="(Extract AND  CRC AND  GZIP) AND (Extract AND  CRC AND  GZIP AND  Compress) AND (Extract AND  CRC AND  GZIP AND  Base) AND (Extract AND  CRC AND  GZIP AND  Base AND  Compress)" to="(Base) AND (Compress) AND (Base AND  Compress)" weight="109" />
	<dependency from="(CRC AND  Adler32Checksum) AND (CRC AND  Adler32Checksum AND  Base) AND (CRC AND  Adler32Checksum AND  Compress) AND (CRC AND  Adler32Checksum AND  Base AND  Compress)" to="(Base) AND (Compress) AND (Base AND  Compress)" weight="30" />
	<dependency from="(CRC) AND (CRC AND  Compress) AND (CRC AND  Base) AND (CRC AND  Base AND  Compress)" to="(Base) AND (Compress) AND (Base AND  Compress)" weight="51" />
	<dependency from="(Extract AND  CRC) AND (Extract AND  CRC AND  Base) AND (Extract AND  CRC AND  Compress) AND (Extract AND  CRC AND  Base AND  Compress)" to="(CRC) AND (CRC AND  Compress) AND (CRC AND  Base) AND (CRC AND  Base AND  Compress)" weight="1" />
	<dependency from="(Extract AND  CRC) AND (Extract AND  CRC AND  Base) AND (Extract AND  CRC AND  Compress) AND (Extract AND  CRC AND  Base AND  Compress)" to="(Base) AND (Compress) AND (Base AND  Compress)" weight="3" />
	<dependency from="(ArchiveCheck) AND (ArchiveCheck AND  Compress) AND (ArchiveCheck AND  Base) AND (ArchiveCheck AND  Base AND  Compress)" to="(Base) AND (Compress) AND (Base AND  Compress)" weight="7" />
	<dependency from="(Adler32Checksum AND  GZIP) AND (Adler32Checksum AND  GZIP AND  Base) AND (Adler32Checksum AND  GZIP AND  Compress) AND (Adler32Checksum AND  GZIP AND  Base AND  Compress)" to="(Base) AND (Compress) AND (Base AND  Compress)" weight="48" />
	<dependency from="(GZIP) AND (GZIP AND  Compress) AND (GZIP AND  Base) AND (GZIP AND  Base AND  Compress)" to="(Base) AND (Compress) AND (Base AND  Compress)" weight="234" />
	<dependency from="(GZIP) AND (GZIP AND  Compress) AND (GZIP AND  Base) AND (GZIP AND  Base AND  Compress)" to="(CRC) AND (CRC AND  Compress) AND (CRC AND  Base) AND (CRC AND  Base AND  Compress)" weight="2" />
	<dependency from="(Adler32Checksum) AND (Adler32Checksum AND  Base) AND (Adler32Checksum AND  Compress) AND (Adler32Checksum AND  Base AND  Compress)" to="(Base) AND (Compress) AND (Base AND  Compress)" weight="85" />
	<dependency from="(Extract) AND (Extract AND  Compress) AND (Extract AND  Base) AND (Extract AND  Base AND  Compress)" to="(Base) AND (Compress) AND (Base AND  Compress)" weight="202" />
	<dependency from="(Extract AND  Adler32Checksum) AND (Extract AND  Adler32Checksum AND  Base) AND (Extract AND  Adler32Checksum AND  Compress) AND (Extract AND  Adler32Checksum AND  Base AND  Compress)" to="(Base) AND (Compress) AND (Base AND  Compress)" weight="36" />
</dependencies>
</feature_model>
