<?xml version="1.0" encoding="UTF-8"?>

<configuration>

	<appender name="STDOUT" class="ch.qos.logback.core.ConsoleAppender">
		<!-- encoders are assigned the type ch.qos.logback.classic.encoder.PatternLayoutEncoder by default -->
		<encoder>
			<pattern>%d{HH:mm:ss.SSS} [%thread] %-5level [%logger] - %msg%n</pattern>
		</encoder>
	</appender>

	<logger name="org.perf4j.TimingLogger" additivity="false">
		<level line="DEBUG"/>
		<appender-ref ref="STDOUT"/>
	</logger>

	<!-- Strictly speaking, the level attribute is not necessary since -->
	<!-- the level of the root level is set to DEBUG by default.       -->
	<root level="DEBUG">
		<appender-ref ref="STDOUT"/>
	</root>
</configuration>
