<?xml version="1.0" encoding="UTF-8" standalone="no"?>
	<featureModel>
		<properties/>
		<struct>
			<and abstract="true" mandatory="true" name="DPL_SPL">
				<feature mandatory="true" name="Base"/>
				<feature name="Limpa"/>
				<or abstract="true" mandatory="true" name="Formas">
					<feature mandatory="true" name="Retangulo"/>
					<feature mandatory="true" name="Linha"/>
				</or>
			</and>
		</struct>
		<constraints/>
		<calculations Auto="true" Constraints="true" Features="true" Redundant="true" Tautology="true"/>
		<comments/>
		<featureOrder userDefined="false"/>
	</featureModel>
